0.873625,HORSE,SEE,WATER
0.847743,PERSON,EAT,APPLE
0.842999,BUNNY,OPEN,MOUTH
0.817384,CAT,BITE,TOE
0.817315,CAT,SEE,HORSE
0.803217,CAT,BITE,TREE
0.798063,HORSE,DRINK,WATER
0.793641,HAND,HELP,FOOT
0.793605,HORSE,SEE,BUNNY
0.793285,PERSON,HUG,PIG
0.793078,DUCK,BITE,HAIR
0.793014,PERSON,BITE,CHEESE
0.788133,PERSON,OPEN,HAT
0.785189,BEAR,BITE,HAND
0.784364,CAT,EAT,CHEESE
0.779547,CAT,SEE,WATER
0.778554,HORSE,EAT,FLOWER
0.777401,BUNNY,DRINK,WATER
0.771968,PERSON,HUG,PERSON
0.771805,MOUTH,KISS,MOUTH
0.768486,PERSON,HELP,BEAR
0.762961,BEAR,BITE,BEAR
0.762787,HORSE,EAT,APPLE
0.762711,DUCK,SEE,PERSON
0.761844,DUCK,SEE,MILK
0.76127,PERSON,KISS,NOSE
0.760587,PERSON,HELP,FLOWER
0.75975,CAT,SEE,PIG
0.758886,BEAR,SEE,COOKIE
0.758354,COW,HELP,CAT
0.757931,PERSON,HELP,HORSE
0.754442,FISH,SEE,WATER
0.753949,DUCK,DRINK,WATER
0.753757,PERSON,KISS,TOE
0.751503,CAT,SEE,HAT
0.750854,MOUTH,BITE,APPLE
0.750614,MOUTH,DRINK,WATER
0.750272,HORSE,SEE,COW
0.75,PIG,BITE,PIG
0.749338,BEAR,SEE,APPLE
0.748847,MOUTH,BITE,COOKIE
0.748827,PERSON,KISS,COW
0.748092,MOUTH,DRINK,MILK
0.742582,PERSON,KISS,CAT
0.742535,PERSON,HUG,BLANKET
0.742205,BEAR,BITE,PIG
0.742024,PERSON,HUG,BUNNY
0.741731,PERSON,SEE,APPLE
0.73849,DUCK,EAT,COOKIE
0.738395,FISH,OPEN,MOUTH
0.735794,COW,SEE,DUCK
0.73392,PERSON,BITE,SPOON
0.73158,CAT,SEE,CHAIR
0.729753,KEY,OPEN,DOOR
0.728588,COW,SEE,HAT
0.728348,BEAR,SEE,BEAR
0.727445,CAT,SEE,COOKIE
0.727333,DUCK,BITE,PERSON
0.726781,PERSON,BITE,PERSON
0.726212,PIG,SEE,TREE
0.725537,DUCK,SEE,HORSE
0.725236,PERSON,SEE,PERSON
0.723955,COW,BITE,NOSE
0.722935,COW,SEE,BEAR
0.721695,PERSON,OPEN,MILK
0.721679,BEAR,SEE,OUTSIDE
0.721537,BUNNY,EAT,FLOWER
0.721443,PIG,KISS,PIG
0.720159,PERSON,SEE,HAND
0.720129,PERSON,READ,MOUTH
0.719657,BEAR,BITE,HAT
0.71916,PERSON,SEE,PIG
0.715525,HAND,SWING,KEY
0.71545,MOUTH,KISS,HORSE
0.715345,FISH,SEE,FISH
0.714832,FISH,SEE,BEAR
0.713811,PERSON,KISS,SPOON
0.713791,PERSON,HELP,DUCK
0.713491,DUCK,SEE,FISH
0.713416,PERSON,KISS,WATER
0.712771,MOUTH,BITE,HAND
0.712303,PERSON,EAT,CHEESE
0.711935,HORSE,SEE,HORSE
0.711116,BEAR,BITE,APPLE
0.710778,PIG,BITE,HAND
0.710609,MOUTH,EAT,COOKIE
0.709605,BUNNY,EAT,CHEESE
0.709373,CAT,EAT,FISH
0.708759,BUNNY,SEE,CHEESE
0.708123,PERSON,OPEN,APPLE
0.707225,HORSE,BITE,HAIR
0.706409,HORSE,KISS,CAT
0.706235,PERSON,BITE,CRACKER
0.705416,PERSON,SEE,CAT
0.705196,HORSE,BITE,HAND
0.704,HORSE,SEE,OUTSIDE
0.703955,COW,EAT,BLANKET
0.703652,FISH,EAT,CRACKER
0.703202,PERSON,KISS,DUCK
0.70184,PERSON,SEE,HAT
0.70173,BEAR,EAT,APPLE
0.701656,BEAR,OPEN,HAND
0.701544,CAT,HELP,CAT
0.701218,PERSON,HELP,CAT
0.70017,BEAR,EAT,COOKIE
0.699385,HORSE,SEE,COOKIE
0.698488,COW,BITE,FLOWER
0.698232,COW,SEE,TREE
0.697852,PERSON,HUG,CAT
0.697811,CAT,DRINK,MILK
0.697801,PIG,SEE,CAT
0.696958,PERSON,SEE,DIAPER
0.696207,BUNNY,SEE,WATER
0.695741,PERSON,SEE,CRACKER
0.695673,PERSON,OPEN,BLANKET
0.693813,DUCK,EAT,APPLE
0.693194,BEAR,BITE,DUCK
0.692627,HAND,HUG,BLANKET
0.692165,BEAR,EAT,CHEESE
0.692126,CAT,SEE,PERSON
0.692021,BEAR,SEE,BUNNY
0.69163,PERSON,SWING,FLOWER
0.691628,HORSE,OPEN,MOUTH
0.691495,PERSON,SWING,CAT
0.691411,PIG,EAT,FLOWER
0.691273,BUNNY,EAT,CUP
0.691045,PERSON,SEE,FISH
0.69098,PIG,SEE,PERSON
0.690877,HORSE,SEE,DOOR
0.69069,FISH,BITE,HAND
0.69052,BEAR,EAT,PERSON
0.690284,PERSON,OPEN,CHEESE
0.69024,PIG,EAT,APPLE
0.689896,CAT,KISS,PERSON
0.687972,BEAR,BITE,COW
0.687162,CAT,HUG,PERSON
0.686226,PERSON,HUG,TREE
0.685969,PERSON,EAT,DUCK
0.685963,PERSON,OPEN,SPOON
0.685378,BUNNY,SEE,PERSON
0.685106,HORSE,SEE,FLOWER
0.685055,PERSON,SEE,DUCK
0.684887,DUCK,SEE,DUCK
0.684424,CAT,KISS,PIG
0.68342,CAT,SWING,FISH
0.683167,COW,SEE,FLOWER
0.683107,DUCK,SEE,CAT
0.682852,CAT,SEE,BED
0.682591,PERSON,SEE,COW
0.682575,CAT,SEE,HAND
0.682567,MOUTH,BITE,PERSON
0.682382,HORSE,BITE,CRACKER
0.681945,PIG,EAT,FISH
0.681913,BUNNY,OPEN,DOOR
0.681812,CAT,BITE,FOOT
0.681789,BUNNY,DRINK,MILK
0.681684,PERSON,SEE,CHAIR
0.680369,BUNNY,SEE,BUNNY
0.679614,HAND,OPEN,CUP
0.6796,BUNNY,BITE,HAIR
0.679466,CAT,SEE,CAT
0.678987,CAT,SEE,NOSE
0.678652,MOUTH,KISS,TELEPHONE
0.677926,DUCK,SEE,COW
0.677597,FISH,SEE,BUNNY
0.677211,CAT,OPEN,MOUTH
0.677025,BEAR,BITE,COOKIE
0.676803,PERSON,OPEN,BELLY-BUTTON
0.676715,PERSON,SEE,TOOTH
0.676561,DUCK,SEE,PIG
0.676458,DUCK,SEE,TV
0.675816,CAT,SEE,OUTSIDE
0.675658,HORSE,SEE,BLANKET
0.675208,PERSON,SEE,COOKIE
0.675088,DUCK,DRINK,MILK
0.674922,BEAR,SEE,NOSE
0.674812,PERSON,SEE,HAIR
0.673922,PERSON,BITE,CUP
0.673909,HAND,SWING,TELEPHONE
0.673843,MOUTH,KISS,EAR
0.673669,COW,SEE,OUTSIDE
0.673566,BEAR,SEE,DUCK
0.673504,CAT,EAT,COOKIE
0.672625,HORSE,SEE,MOUTH
0.672529,PERSON,SEE,LIGHT
0.672388,COW,DRINK,MILK
0.672318,PERSON,SWING,TELEPHONE
0.672161,PIG,SEE,TOE
0.672142,PERSON,SEE,KEY
0.671698,COW,DRINK,WATER
0.671624,COW,SEE,COOKIE
0.67139,HAND,HELP,FISH
0.671126,BEAR,EAT,FISH
0.670618,CAT,HUG,HAT
0.670534,PIG,SEE,OUTSIDE
0.6704,HORSE,SEE,PERSON
0.66904,HAND,HELP,TV
0.668742,CAT,BITE,COOKIE
0.66867,PIG,SEE,WATER
0.66843,HORSE,EAT,COOKIE
0.668329,BEAR,EAT,HAND
0.667774,PERSON,KISS,BELLY-BUTTON
0.667515,CAT,BITE,FISH
0.667324,BEAR,SEE,WATER
0.666627,FISH,BITE,CAT
0.666581,HORSE,BITE,APPLE
0.666141,DUCK,SEE,BEAR
0.66594,COW,SEE,CRACKER
0.665786,BUNNY,SEE,FISH
0.665706,DUCK,BITE,CHEESE
0.665514,BEAR,EAT,HAT
0.665217,CAT,DRINK,WATER
0.664323,PERSON,HUG,COW
0.664225,BUNNY,BITE,APPLE
0.664156,HORSE,BITE,BELLY-BUTTON
0.664003,MOUTH,BITE,FISH
0.663891,PERSON,KISS,TREE
0.663872,HAND,SWING,WATER
0.662589,PERSON,KISS,HORSE
0.662555,PERSON,BITE,HAIR
0.661773,FOOT,OPEN,DOOR
0.66156,MOUTH,BITE,CHEESE
0.661188,COW,EAT,APPLE
0.661071,HAND,HELP,HORSE
0.66104,HORSE,SEE,CRACKER
0.660825,HORSE,EAT,CRACKER
0.660555,DUCK,EAT,FISH
0.660366,CAT,SEE,FLOWER
0.660194,PIG,BITE,PERSON
0.659905,FISH,EAT,FISH
0.659865,PERSON,SEE,NOSE
0.659681,BEAR,BITE,DOOR
0.659594,BUNNY,SEE,TOOTH
0.659325,PIG,BITE,TOE
0.659181,HORSE,SEE,CAT
0.659164,PERSON,SWING,COOKIE
0.658818,PERSON,SEE,WATER
0.658094,PERSON,SEE,OUTSIDE
0.658058,BEAR,SEE,TREE
0.657744,FISH,SEE,PIG
0.657695,PIG,BITE,CAT
0.657351,HAND,HELP,COW
0.6573,BUNNY,BITE,CHAIR
0.657223,CAT,BITE,CHEESE
0.656675,PERSON,KISS,CHAIR
0.656624,BUNNY,BITE,FLOWER
0.65659,BEAR,SEE,COW
0.655956,PERSON,OPEN,MOUTH
0.655892,PIG,OPEN,MOUTH
0.655386,TOOTH,BITE,MOUTH
0.655246,COW,OPEN,MOUTH
0.655168,PERSON,EAT,FISH
0.654715,TOOTH,BITE,APPLE
0.654675,MOUTH,KISS,BUNNY
0.654598,BUNNY,SEE,OUTSIDE
0.654487,PIG,KISS,HAND
0.654367,HORSE,BITE,PERSON
0.654312,FISH,SEE,OUTSIDE
0.653842,CAT,KISS,COW
0.653233,HAND,OPEN,CRACKER
0.652932,BEAR,KISS,FLOWER
0.652817,PERSON,KISS,CUP
0.652475,COW,BITE,PERSON
0.65199,CAT,SEE,FISH
0.651844,HORSE,KISS,HAIR
0.65118,CAT,KISS,BLANKET
0.651156,HORSE,KISS,PERSON
0.650948,PIG,SEE,FLOWER
0.650356,COW,HELP,COW
0.649765,DUCK,SEE,BUNNY
0.649659,MOUTH,BITE,CAT
0.649528,MOUTH,KISS,FISH
0.649286,HAND,HUG,CUP
0.649003,FISH,SEE,APPLE
0.648883,PERSON,KISS,FOOT
0.648824,BUNNY,SEE,FOOT
0.64848,PIG,SEE,DOOR
0.648475,MOUTH,EAT,PIG
0.648469,PERSON,SEE,BLANKET
0.648457,HAND,SWING,PERSON
0.64843,PERSON,BITE,FLOWER
0.648047,PERSON,SEE,BUNNY
0.647902,CAT,KISS,TOE
0.6479,PERSON,SEE,BEAR
0.647751,PERSON,SWING,SPOON
0.647645,DUCK,SEE,SPOON
0.646978,BEAR,OPEN,MOUTH
0.646752,PERSON,KISS,HAT
0.646595,PERSON,DRINK,APPLE
0.646574,HORSE,SEE,TREE
0.646382,HORSE,SEE,SPOON
0.646123,PERSON,BITE,TOE
0.645973,COW,SEE,DOOR
0.6457,BUNNY,SEE,HAND
0.645457,HORSE,SEE,BEAR
0.645303,FISH,DRINK,WATER
0.645005,MOUTH,BITE,EAR
0.644646,CAT,KISS,FLOWER
0.644259,PERSON,OPEN,DOOR
0.64421,COW,EAT,COOKIE
0.643502,CAT,SEE,TV
0.643237,CAT,HELP,PERSON
0.642972,FISH,BITE,FISH
0.642834,TOOTH,BITE,COOKIE
0.641701,COW,SEE,MILK
0.641617,PERSON,SEE,CHEESE
0.641098,HAND,SWING,DIAPER
0.640992,BUNNY,SEE,COW
0.640981,PERSON,DRINK,CUP
0.640399,PERSON,OPEN,CHAIR
0.640378,BEAR,HELP,COW
0.640292,PERSON,HUG,FLOWER
0.64026,FISH,SEE,MOUTH
0.640041,CAT,EAT,HAT
0.639993,PIG,SEE,TELEPHONE
0.63958,PERSON,KISS,APPLE
0.639548,PERSON,SEE,CUP
0.639302,HAND,SWING,APPLE
0.639122,CAT,SEE,DOOR
0.638972,HORSE,BITE,FLOWER
0.63876,COW,SEE,PIG
0.638433,PIG,DRINK,MILK
0.638151,PIG,SEE,APPLE
0.63813,PERSON,KISS,MOUTH
0.637639,PERSON,BITE,KEY
0.637607,BEAR,KISS,FISH
0.637387,CAT,EAT,COW
0.637262,BUNNY,SEE,CHAIR
0.637132,BEAR,SEE,HAND
0.637092,HORSE,SEE,CUP
0.637032,FISH,KISS,FISH
0.63695,HAND,SWING,BLANKET
0.636895,HORSE,BITE,CUP
0.636089,BUNNY,BITE,PERSON
0.635992,BUNNY,KISS,DUCK
0.635908,CAT,EAT,CRACKER
0.63589,MOUTH,BITE,SPOON
0.635795,FISH,BITE,FOOT
0.635176,HAND,HELP,HAND
0.634897,MOUTH,KISS,FLOWER
0.634571,COW,BITE,CUP
0.634251,PIG,KISS,CAT
0.634051,PERSON,SWING,APPLE
0.633406,HAND,SWING,FOOT
0.63319,PIG,BITE,APPLE
0.63297,PIG,EAT,CRACKER
0.632963,BEAR,SEE,FISH
0.632932,PIG,DRINK,WATER
0.632849,COW,HELP,PIG
0.63283,BEAR,SEE,PERSON
0.63273,CAT,BITE,CRACKER
0.632649,BUNNY,BITE,EAR
0.632536,CAT,SEE,BLANKET
0.632488,PIG,SEE,PIG
0.632463,TOOTH,BITE,TOOTH
0.632082,BEAR,BITE,HORSE
0.631927,CAT,EAT,HAIR
0.631816,BUNNY,BITE,SPOON
0.631578,PERSON,SEE,MILK
0.631419,DUCK,SEE,KEY
0.631318,BUNNY,SEE,BEAR
0.631309,HAND,HUG,COOKIE
0.631054,PERSON,HUG,BEAR
0.63095,BEAR,SEE,CHAIR
0.630807,BUNNY,KISS,HAIR
0.630797,CAT,KISS,HAND
0.630713,BUNNY,SEE,TREE
0.630079,DUCK,BITE,PIG
0.63002,PERSON,EAT,COOKIE
0.629905,DUCK,SEE,WATER
0.629706,PIG,SEE,HAIR
0.62949,PERSON,SEE,BED
0.629429,DUCK,BITE,DUCK
0.629191,PERSON,HUG,DUCK
0.628713,MOUTH,EAT,FISH
0.628381,TOOTH,BITE,FISH
0.627705,HORSE,BITE,CHAIR
0.626359,TOOTH,BITE,TOE
0.62635,PIG,EAT,DUCK
0.626337,PERSON,SEE,TOE
0.626027,DUCK,BITE,BUNNY
0.625543,CAT,SEE,TOE
0.625439,PERSON,KISS,BEAR
0.625054,CAT,EAT,FLOWER
0.624685,CAT,BITE,DOOR
0.624468,PERSON,SEE,BELLY-BUTTON
0.624463,DUCK,BITE,HAND
0.624092,CAT,SEE,TREE
0.624026,CAT,BITE,NOSE
0.623825,PERSON,OPEN,LIGHT
0.623554,HAND,SWING,BUNNY
0.623437,SPOON,OPEN,MOUTH
0.623337,FOOT,SWING,WATER
0.623246,CAT,BITE,BLANKET
0.623212,CAT,SEE,BEAR
0.622843,BEAR,SEE,BED
0.622836,MOUTH,BITE,TOE
0.622422,PIG,EAT,TOE
0.62228,COW,SEE,WATER
0.62204,PERSON,KISS,FLOWER
0.621564,PIG,EAT,COOKIE
0.621562,BEAR,SEE,TV
0.621411,COW,SEE,COW
0.620949,PERSON,SWING,KEY
0.620746,FISH,SEE,HORSE
0.620302,BUNNY,SEE,FLOWER
0.619503,HAND,HUG,HAND
0.619486,BEAR,KISS,BUNNY
0.619418,BEAR,SWING,BUNNY
0.619347,CAT,SEE,FOOT
0.619122,PIG,KISS,HAT
0.619034,DUCK,OPEN,MOUTH
0.618589,PIG,SEE,BUNNY
0.618268,PERSON,EAT,CRACKER
0.617962,BUNNY,KISS,DOOR
0.617758,CAT,KISS,FOOT
0.617584,BEAR,BITE,PERSON
0.617268,DUCK,BITE,NOSE
0.616936,PERSON,DRINK,MILK
0.616913,BEAR,DRINK,MILK
0.616508,TOOTH,BITE,HAND
0.616498,BEAR,BITE,CHEESE
0.616476,BUNNY,BITE,DUCK
0.616345,COW,HUG,DUCK
0.616041,PERSON,SEE,FOOT
0.615868,HORSE,SEE,TV
0.615854,BUNNY,BITE,NOSE
0.615789,DUCK,EAT,HAT
0.615695,HAND,HELP,DIAPER
0.615463,DUCK,SEE,APPLE
0.615373,PERSON,OPEN,TELEPHONE
0.615175,HAND,OPEN,DOOR
0.615075,PIG,KISS,NOSE
0.614817,PIG,SEE,MOUTH
0.614777,HORSE,KISS,MOUTH
0.614296,HORSE,BITE,NOSE
0.614143,BEAR,SEE,TOOTH
0.613978,BUNNY,HELP,PERSON
0.613651,CAT,SWING,CUP
0.613313,HAND,HUG,BEAR
0.6133,PIG,SEE,CHAIR
0.613296,BUNNY,SEE,CAT
0.613263,PERSON,KISS,HAND
0.613242,BUNNY,OPEN,CRACKER
0.613241,PERSON,HELP,DOOR
0.613065,HORSE,KISS,HORSE
0.613006,MOUTH,KISS,PERSON
0.61293,DUCK,BITE,FOOT
0.612693,HAND,HELP,BUNNY
0.612566,HORSE,HELP,BEAR
0.612527,SPOON,HELP,HAND
0.612277,HORSE,KISS,PIG
0.61198,PERSON,DRINK,WATER
0.611938,MOUTH,KISS,APPLE
0.611897,MOUTH,BITE,BUNNY
0.611663,PIG,HELP,PIG
0.611359,MOUTH,BITE,HAT
0.610972,PERSON,KISS,HAIR
0.610925,MOUTH,KISS,HAT
0.610878,BUNNY,KISS,PERSON
0.610808,PIG,BITE,TREE
0.610556,BUNNY,BITE,TREE
0.61052,MOUTH,EAT,DUCK
0.610482,PERSON,SWING,CUP
0.610379,MOUTH,BITE,PIG
0.610083,CAT,SEE,EAR
0.610031,BUNNY,SEE,EAR
0.609897,HORSE,KISS,FLOWER
0.60989,BEAR,SWING,SPOON
0.609723,DUCK,SEE,HAT
0.60955,PIG,EAT,KEY
0.609301,HAND,OPEN,MILK
0.609281,COW,BITE,APPLE
0.609188,HAND,OPEN,TELEPHONE
0.609018,COW,KISS,PERSON
0.608799,BEAR,EAT,FOOT
0.608614,PERSON,SEE,TV
0.608465,BUNNY,HUG,TREE
0.608386,PIG,SEE,LIGHT
0.608018,BUNNY,KISS,BED
0.607935,PERSON,HELP,FOOT
0.607887,CAT,SEE,BUNNY
0.607676,BUNNY,SEE,SPOON
0.607435,BEAR,SWING,FLOWER
0.607398,MOUTH,SWING,SPOON
0.607151,PERSON,OPEN,COOKIE
0.606719,COW,SEE,APPLE
0.606499,BEAR,SEE,HORSE
0.606317,MOUTH,OPEN,CHEESE
0.606165,BUNNY,SEE,DUCK
0.605941,BUNNY,BITE,CHEESE
0.605345,FISH,BITE,WATER
0.605136,PERSON,KISS,TELEPHONE
0.604737,CAT,BITE,PERSON
0.604538,PERSON,KISS,CRACKER
0.604449,DUCK,OPEN,FLOWER
0.604257,PERSON,READ,HAT
0.604146,HAND,SWING,DOOR
0.604092,CAT,KISS,HORSE
0.603497,FISH,EAT,HAND
0.603429,PERSON,HELP,TREE
0.603305,PERSON,OPEN,FLOWER
0.602947,HAND,OPEN,CHEESE
0.602785,MOUTH,KISS,BELLY-BUTTON
0.602621,PERSON,KISS,PIG
0.602391,HORSE,EAT,TREE
0.602345,HAND,SWING,HAT
0.601271,BUNNY,SEE,PIG
0.601051,PERSON,SEE,SPOON
0.601028,PERSON,BITE,DUCK
0.600628,BUNNY,SWING,FLOWER
0.600592,CAT,SEE,LIGHT
0.600487,CAT,EAT,BUNNY
0.599965,TOOTH,BITE,HAIR
0.599514,BUNNY,SEE,NOSE
0.599459,PIG,BITE,FOOT
0.59931,CAT,KISS,CUP
0.599207,MOUTH,EAT,FLOWER
0.599024,PERSON,BITE,EAR
0.598977,PERSON,KISS,KEY
0.598871,DUCK,SEE,CUP
0.598868,BUNNY,KISS,KEY
0.598805,BUNNY,BITE,HAT
0.598528,PERSON,KISS,BED
0.598153,PIG,SEE,CRACKER
0.598065,DUCK,BITE,APPLE
0.59798,PERSON,SEE,TREE
0.597889,HORSE,SEE,APPLE
0.597709,MOUTH,KISS,DOOR
0.597475,DUCK,BITE,CAT
0.597239,CAT,BITE,CAT
0.59703,PERSON,HUG,DOOR
0.596885,PIG,BITE,DUCK
0.596882,HORSE,BITE,DUCK
0.596234,PERSON,SWING,CHAIR
0.596164,CAT,KISS,CAT
0.596051,MOUTH,KISS,NOSE
0.596016,COW,SEE,HAND
0.595909,PIG,EAT,HAT
0.595692,PERSON,SWING,DOOR
0.595681,MOUTH,EAT,CAT
0.595593,COW,SEE,PERSON
0.595396,CAT,HUG,BED
0.595281,CAT,SEE,DUCK
0.595142,PERSON,OPEN,FISH
0.594956,HAND,HELP,CAT
0.594673,PIG,SEE,COW
0.594611,HORSE,SEE,TOOTH
0.594575,HORSE,SEE,TOE
0.594556,PERSON,HUG,BED
0.594388,BEAR,HELP,FISH
0.593982,CAT,KISS,BUNNY
0.593184,HORSE,KISS,BUNNY
0.592959,BEAR,HUG,TREE
0.592913,HORSE,SEE,TELEPHONE
0.592867,BUNNY,BITE,COOKIE
0.592747,CAT,BITE,CUP
0.592712,CAT,BITE,COW
0.592656,PIG,SEE,FISH
0.59262,BUNNY,HELP,HORSE
0.592531,FISH,EAT,FOOT
0.592456,DUCK,KISS,COW
0.59237,COW,SEE,CHAIR
0.59236,CAT,SEE,CUP
0.592348,BEAR,SEE,PIG
0.592264,PIG,SEE,HORSE
0.592114,HAND,HELP,PIG
0.591393,MOUTH,KISS,TOE
0.5913,HAND,SWING,FLOWER
0.59129,DUCK,SEE,COOKIE
0.591286,PERSON,BITE,COW
0.591179,PIG,BITE,NOSE
0.59109,PERSON,SEE,HORSE
0.591057,PERSON,SWING,LIGHT
0.591017,FISH,SEE,DUCK
0.590716,TOOTH,OPEN,APPLE
0.590309,BUNNY,BITE,BUNNY
0.590292,PERSON,HUG,MILK
0.590239,HAND,HELP,PERSON
0.589996,CAT,SEE,SPOON
0.589797,MOUTH,KISS,FOOT
0.589468,DUCK,EAT,CRACKER
0.589318,DUCK,SEE,OUTSIDE
0.589288,FISH,BITE,MOUTH
0.588904,HORSE,KISS,COW
0.588847,BUNNY,BITE,CRACKER
0.588721,BEAR,BITE,CRACKER
0.588702,COW,KISS,CUP
0.588305,BUNNY,BITE,FOOT
0.588107,BEAR,KISS,BEAR
0.588046,TOOTH,BITE,BLANKET
0.587982,BUNNY,SEE,MILK
0.587796,BEAR,OPEN,DOOR
0.587763,COW,KISS,HAT
0.587749,CAT,SEE,CHEESE
0.587649,CAT,BITE,HAT
0.587644,BUNNY,BITE,MOUTH
0.587561,CAT,SEE,HAIR
0.587148,CAT,EAT,NOSE
0.587123,CAT,KISS,SPOON
0.586915,COW,SEE,TOE
0.586815,HAND,SWING,HAIR
0.586767,PERSON,SEE,FLOWER
0.586315,FISH,BITE,DUCK
0.585993,DUCK,SEE,FLOWER
0.58574,BUNNY,SEE,BLANKET
0.585732,BEAR,KISS,APPLE
0.585624,PERSON,KISS,EAR
0.5855,PERSON,BITE,HAND
0.58526,CAT,BITE,BUNNY
0.585106,PIG,BITE,CUP
0.58494,CAT,BITE,HAND
0.584577,PIG,SEE,BED
0.584519,BEAR,SEE,FLOWER
0.584508,CAT,BITE,SPOON
0.584381,HAND,SWING,CRACKER
0.584358,BEAR,SEE,LIGHT
0.583789,DUCK,KISS,MOUTH
0.582957,MOUTH,DRINK,CUP
0.582886,HORSE,BITE,TOOTH
0.582871,MOUTH,BITE,NOSE
0.582722,DUCK,HELP,BEAR
0.58233,HAND,HELP,CHAIR
0.582278,FISH,BITE,CHEESE
0.582176,BEAR,BITE,BUNNY
0.581987,HORSE,KISS,HAND
0.581764,CAT,EAT,KEY
0.581409,BEAR,HUG,PERSON
0.581137,HAND,HELP,DUCK
0.580868,PERSON,SEE,TELEPHONE
0.5805,CAT,SWING,APPLE
0.579995,PIG,KISS,BUNNY
0.579902,PIG,SWING,FOOT
0.57981,HORSE,SEE,MILK
0.579688,HAND,OPEN,DIAPER
0.579675,BEAR,SEE,HAT
0.579341,BEAR,SEE,TELEPHONE
0.579206,FISH,BITE,PERSON
0.579055,DUCK,SEE,LIGHT
0.578782,PERSON,OPEN,DIAPER
0.578542,HORSE,SEE,PIG
0.578477,PIG,SEE,DUCK
0.578022,HORSE,BITE,CAT
0.577867,TOOTH,BITE,SPOON
0.577836,MOUTH,KISS,KEY
0.577725,FOOT,OPEN,MOUTH
0.576851,PERSON,HELP,FISH
0.576626,MOUTH,OPEN,COOKIE
0.576521,BEAR,HUG,COOKIE
0.576325,BEAR,BITE,TREE
0.576322,HORSE,KISS,WATER
0.576089,PERSON,OPEN,TV
0.575895,HORSE,BITE,PIG
0.575856,HORSE,BITE,SPOON
0.575832,COW,HELP,BUNNY
0.575791,PERSON,READ,HAND
0.575536,TOOTH,BITE,COW
0.575534,PIG,SEE,CUP
0.575479,HAND,HELP,NOSE
0.575472,BEAR,KISS,TOE
0.575415,COW,SEE,HAIR
0.575412,CAT,SEE,MILK
0.575411,HORSE,SEE,DUCK
0.575122,BUNNY,HELP,BUNNY
0.57469,CAT,EAT,BLANKET
0.574277,CAT,SEE,COW
0.573663,PIG,BITE,HAT
0.573171,MOUTH,HELP,HAND
0.573169,DUCK,HELP,DUCK
0.572913,BUNNY,DRINK,CUP
0.572762,CAT,DRINK,CUP
0.572667,CAT,SEE,CRACKER
0.572609,PIG,SEE,TV
0.571723,PERSON,OPEN,CRACKER
0.571465,HORSE,BITE,TREE
0.571422,BUNNY,KISS,WATER
0.571294,BUNNY,KISS,MOUTH
0.571024,PERSON,KISS,PERSON
0.571011,BEAR,BITE,TOE
0.570919,BEAR,EAT,DUCK
0.570428,DUCK,HELP,PIG
0.570343,BEAR,KISS,PERSON
0.570326,HORSE,BITE,COW
0.569776,DUCK,BITE,FISH
0.569567,BEAR,BITE,CAT
0.569442,FISH,SEE,LIGHT
0.569284,HORSE,SWING,CAT
0.569096,PERSON,HUG,CHAIR
0.569073,COW,KISS,HAND
0.569039,HORSE,SEE,LIGHT
0.568819,COW,HUG,CHAIR
0.568696,PIG,BITE,COW
0.568618,CAT,HUG,CAT
0.568292,MOUTH,KISS,COOKIE
0.568024,COW,SEE,FISH
0.567911,MOUTH,BITE,HORSE
0.567858,COW,SEE,CHEESE
0.567286,FISH,KISS,WATER
0.567166,CAT,HUG,BLANKET
0.566897,BEAR,HELP,BEAR
0.56682,PIG,KISS,COOKIE
0.56674,PERSON,OPEN,HAND
0.566726,BEAR,EAT,HORSE
0.566384,DUCK,KISS,NOSE
0.56602,PERSON,SWING,TOOTH
0.565919,DUCK,SEE,EAR
0.565838,MOUTH,KISS,HAND
0.565595,COW,BITE,EAR
0.565563,FISH,KISS,CUP
0.565538,MOUTH,BITE,CRACKER
0.565364,COW,SWING,DOOR
0.565316,PIG,BITE,HAIR
0.565292,TOOTH,OPEN,COOKIE
0.565135,PERSON,SEE,DOOR
0.565127,PIG,EAT,FOOT
0.564858,BEAR,SEE,HAIR
0.564815,HAND,OPEN,KEY
0.564705,COW,SEE,NOSE
0.564505,BEAR,BITE,FOOT
0.564243,FISH,KISS,CHEESE
0.564194,BUNNY,SEE,DOOR
0.564056,PERSON,BITE,FISH
0.563617,COW,BITE,TREE
0.563578,COW,KISS,NOSE
0.563545,TOE,SWING,CHAIR
0.563517,BUNNY,EAT,HAIR
0.56337,HORSE,HELP,PERSON
0.563165,HORSE,SWING,FOOT
0.56308,PERSON,HUG,TV
0.562989,PERSON,SWING,FISH
0.562484,PIG,SEE,BEAR
0.56246,PIG,KISS,MOUTH
0.56217,PIG,BITE,COOKIE
0.561634,DUCK,KISS,BUNNY
0.561475,BUNNY,HELP,PIG
0.561171,PERSON,EAT,FLOWER
0.560711,SPOON,HELP,WATER
0.5605,CAT,KISS,FISH
0.560465,HORSE,BITE,COOKIE
0.560417,HORSE,SWING,HAIR
0.560284,DUCK,EAT,FLOWER
0.55988,DUCK,SWING,FOOT
0.55974,PIG,SEE,SPOON
0.55966,MOUTH,SWING,FISH
0.559648,CAT,OPEN,HAND
0.559629,COW,BITE,HAT
0.559524,HAND,OPEN,BED
0.55915,DUCK,EAT,HAIR
0.559033,CAT,BITE,CHAIR
0.558856,COW,SEE,MOUTH
0.55861,CAT,BITE,APPLE
0.5585,CAT,KISS,CHEESE
0.558413,PIG,SEE,HAT
0.558388,DUCK,BITE,COOKIE
0.558327,PERSON,OPEN,KEY
0.558202,PERSON,KISS,TV
0.557735,HORSE,SEE,FISH
0.55757,PERSON,BITE,APPLE
0.557454,HAND,HELP,BED
0.557235,FISH,SEE,CUP
0.556996,COW,SEE,LIGHT
0.556951,BUNNY,SEE,BED
0.556941,PIG,BITE,KEY
0.55671,PIG,KISS,FOOT
0.556504,CAT,OPEN,COOKIE
0.556395,PERSON,HUG,FISH
0.556277,HORSE,OPEN,CHEESE
0.556246,PIG,HELP,PERSON
0.556142,BEAR,EAT,COW
0.556097,PIG,BITE,CHEESE
0.55605,HORSE,OPEN,CUP
0.555835,FOOT,HELP,HAND
0.555661,TOOTH,BITE,CHEESE
0.555404,FISH,SEE,TV
0.555398,BEAR,SWING,HAT
0.555367,CAT,SWING,TREE
0.555366,CAT,HUG,TELEPHONE
0.555293,COW,BITE,BUNNY
0.555263,BUNNY,HUG,CUP
0.55519,COW,SEE,CUP
0.554534,HORSE,DRINK,SPOON
0.554529,DUCK,BITE,HAT
0.554477,CAT,OPEN,CUP
0.554269,PERSON,SEE,MOUTH
0.554079,MOUTH,KISS,BED
0.553977,DUCK,SEE,TOE
0.553933,HAND,SWING,TREE
0.55387,PERSON,HELP,PIG
0.553826,MOUTH,EAT,SPOON
0.553795,CAT,SEE,APPLE
0.553627,CAT,HELP,COW
0.553454,BEAR,HELP,BUNNY
0.553334,PERSON,HUG,HORSE
0.55319,BUNNY,KISS,BELLY-BUTTON
0.552945,PERSON,HUG,HAT
0.552777,DUCK,KISS,FISH
0.552592,PERSON,SWING,TV
0.552084,BEAR,BITE,BLANKET
0.552045,CAT,KISS,CRACKER
0.55204,DUCK,SEE,FOOT
0.551809,PERSON,SWING,HAT
0.551501,MOUTH,BITE,FLOWER
0.551441,PERSON,KISS,COOKIE
0.551369,BEAR,BITE,FISH
0.551336,BEAR,SEE,BLANKET
0.551208,FISH,SEE,FOOT
0.551141,COW,KISS,CHEESE
0.551114,MOUTH,EAT,CHEESE
0.55017,COW,OPEN,APPLE
0.550032,MOUTH,KISS,BEAR
0.549978,PERSON,HELP,PERSON
0.549958,DUCK,SEE,CHAIR
0.549829,BUNNY,SEE,HORSE
0.549731,BUNNY,EAT,CRACKER
0.549692,PERSON,KISS,BUNNY
0.549691,BEAR,OPEN,FLOWER
0.549565,CAT,HUG,SPOON
0.549419,PIG,HELP,DUCK
0.54938,HAND,OPEN,PERSON
0.549171,FISH,KISS,FOOT
0.5491,PERSON,SWING,EAR
0.548984,CAT,HUG,TREE
0.548947,CAT,BITE,EAR
0.548825,CAT,KISS,TELEPHONE
0.548747,HAND,SWING,BED
0.54873,BEAR,HUG,HORSE
0.548644,BEAR,SWING,PERSON
0.548528,PERSON,SWING,BED
0.548324,CAT,EAT,SPOON
0.548169,PERSON,BITE,HAT
0.548111,PIG,BITE,FISH
0.548001,DUCK,SEE,NOSE
0.547683,FISH,SEE,SPOON
0.547482,FISH,SEE,TOE
0.547403,HORSE,HELP,CAT
0.547365,BUNNY,BITE,BED
0.54724,FISH,KISS,TOE
0.547214,PIG,BITE,DOOR
0.54656,TOOTH,OPEN,CHEESE
0.546158,CAT,BITE,PIG
0.545682,FISH,BITE,TOE
0.545636,MOUTH,EAT,TREE
0.545237,HORSE,BITE,FOOT
0.545139,DUCK,KISS,FLOWER
0.545007,PERSON,OPEN,WATER
0.544632,HORSE,SWING,FLOWER
0.544545,PIG,BITE,HORSE
0.544481,MOUTH,KISS,TOOTH
0.54448,TOE,SWING,HAT
0.544413,PERSON,SWING,HAND
0.544345,PIG,EAT,CHEESE
0.544128,COW,KISS,BUNNY
0.544013,CAT,HELP,DUCK
0.543963,BUNNY,EAT,BED
0.543895,CAT,HELP,BUNNY
0.543853,PERSON,EAT,HAND
0.543752,DUCK,HUG,WATER
0.543711,DUCK,SEE,HAND
0.54369,PERSON,KISS,DOOR
0.543395,BEAR,BITE,EAR
0.543148,CAT,SEE,DIAPER
0.542798,BEAR,SWING,DOOR
0.542595,MOUTH,KISS,COW
0.542285,FISH,KISS,TOOTH
0.542084,PERSON,HELP,TOE
0.541897,PIG,BITE,FLOWER
0.541874,BEAR,BITE,MOUTH
0.541823,COW,BITE,CAT
0.54178,DUCK,HUG,DUCK
0.541251,HAND,HELP,CUP
0.541001,TOOTH,BITE,FLOWER
0.540926,HORSE,BITE,BLANKET
0.540808,MOUTH,KISS,WATER
0.540292,COW,HUG,HORSE
0.540276,CAT,KISS,APPLE
0.539828,CAT,HUG,APPLE
0.539771,FOOT,SWING,LIGHT
0.539496,HAND,OPEN,BLANKET
0.539372,HORSE,SWING,TREE
0.539282,BEAR,SWING,CHEESE
0.53915,COW,SEE,BUNNY
0.539103,HAND,OPEN,COOKIE
0.53901,PIG,KISS,BED
0.538945,FISH,SEE,CHAIR
0.538771,MOUTH,EAT,DIAPER
0.538706,DUCK,SEE,CRACKER
0.538675,BUNNY,SEE,MOUTH
0.538506,COW,KISS,COW
0.538334,CAT,HUG,BUNNY
0.538245,HAND,SWING,HAND
0.538147,BEAR,SWING,DUCK
0.538143,HAND,SWING,TV
0.537848,MOUTH,SWING,FOOT
0.537641,DUCK,BITE,DOOR
0.537603,DUCK,SEE,BLANKET
0.53759,TOOTH,BITE,EAR
0.537501,CAT,EAT,WATER
0.537422,BUNNY,SEE,COOKIE
0.537316,BUNNY,BITE,CUP
0.536921,MOUTH,KISS,CHEESE
0.536889,BUNNY,SEE,TOE
0.536694,COW,EAT,CRACKER
0.536513,FISH,BITE,NOSE
0.536493,BUNNY,EAT,COOKIE
0.536441,BEAR,BITE,BED
0.536326,BEAR,EAT,EAR
0.536282,BEAR,KISS,CRACKER
0.536162,BEAR,SEE,SPOON
0.536132,BUNNY,KISS,EAR
0.536099,HAND,OPEN,HAND
0.53598,HAND,SWING,PIG
0.535657,HORSE,EAT,HAND
0.535528,BEAR,SEE,CUP
0.535463,CAT,HELP,PIG
0.53542,PIG,BITE,BEAR
0.535389,BEAR,HUG,BEAR
0.535136,CAT,KISS,BEAR
0.53511,KEY,OPEN,BED
0.534934,PIG,SWING,NOSE
0.534888,MOUTH,OPEN,DOOR
0.534728,DUCK,OPEN,WATER
0.534498,TOOTH,BITE,CUP
0.534172,BEAR,EAT,CRACKER
0.533894,PERSON,HUG,TELEPHONE
0.533845,BUNNY,SWING,HAT
0.53368,FISH,SEE,DOOR
0.533477,HAND,OPEN,CAT
0.533411,CAT,BITE,BED
0.5334,PERSON,BITE,DOOR
0.533064,FISH,HELP,WATER
0.532852,PERSON,EAT,BEAR
0.532814,PIG,KISS,CHEESE
0.53275,BEAR,EAT,CAT
0.532726,HAND,OPEN,EAR
0.532711,BEAR,KISS,HORSE
0.532371,COW,KISS,PIG
0.532263,PERSON,OPEN,BED
0.532243,PERSON,EAT,COW
0.532051,PIG,KISS,TREE
0.531853,FISH,KISS,BEAR
0.531847,BUNNY,HELP,DUCK
0.53172,MOUTH,OPEN,FISH
0.531461,MOUTH,BITE,FOOT
0.531239,DUCK,HUG,COOKIE
0.530953,BEAR,SWING,BLANKET
0.530581,PIG,HUG,CAT
0.530508,TOOTH,EAT,HAND
0.530506,BUNNY,KISS,HAND
0.530435,HAND,HUG,DUCK
0.530435,BEAR,SEE,DOOR
0.530248,BUNNY,EAT,APPLE
0.529974,DUCK,KISS,CRACKER
0.52997,COW,BITE,PIG
0.529922,KEY,OPEN,BUNNY
0.529865,BEAR,HUG,DOOR
0.529528,CAT,BITE,MOUTH
0.529425,HORSE,HELP,HORSE
0.529254,CAT,EAT,BED
0.529141,TOE,SWING,DOOR
0.528726,PIG,HELP,BEAR
0.528678,BEAR,EAT,FLOWER
0.528569,PERSON,SWING,BLANKET
0.528163,BEAR,HELP,PERSON
0.527985,BEAR,SWING,COOKIE
0.527912,BEAR,HUG,CUP
0.527795,BEAR,BITE,BELLY-BUTTON
0.527605,PIG,BITE,BUNNY
0.527537,PERSON,HELP,MOUTH
0.527477,BEAR,EAT,TOE
0.527216,BEAR,OPEN,HAT
0.526903,BEAR,BITE,DIAPER
0.526732,CAT,BITE,DIAPER
0.5267,PERSON,READ,CUP
0.526591,FISH,EAT,WATER
0.526507,BUNNY,HELP,COW
0.526471,CAT,OPEN,MILK
0.526398,BUNNY,KISS,HORSE
0.526281,HORSE,SEE,CHAIR
0.526264,FISH,EAT,COOKIE
0.526229,FISH,EAT,EAR
0.526159,CAT,HELP,HORSE
0.526048,SPOON,OPEN,CHEESE
0.525839,PERSON,BITE,FOOT
0.52574,COW,EAT,FLOWER
0.525653,PERSON,HELP,HAT
0.525087,TOOTH,BITE,TREE
0.525075,BUNNY,OPEN,CHEESE
0.524849,HAND,HUG,BUNNY
0.524833,BUNNY,SEE,CRACKER
0.524832,BUNNY,EAT,MILK
0.524743,MOUTH,HELP,TOOTH
0.524591,PERSON,HELP,COW
0.524405,HORSE,BITE,EAR
0.524304,PIG,BITE,MOUTH
0.524297,PERSON,SWING,BUNNY
0.524273,PERSON,SWING,PERSON
0.524192,HAND,HELP,FLOWER
0.524139,DUCK,BITE,KEY
0.524118,HAND,OPEN,APPLE
0.524066,CAT,OPEN,DOOR
0.523995,PERSON,READ,CRACKER
0.523948,HAND,SWING,CAT
0.523638,HORSE,OPEN,BLANKET
0.523571,PERSON,BITE,PIG
0.523489,HORSE,KISS,DOOR
0.523376,BEAR,KISS,PIG
0.523285,COW,EAT,DOOR
0.523233,BEAR,HUG,PIG
0.523198,PERSON,BITE,NOSE
0.523146,MOUTH,HELP,HORSE
0.523135,PERSON,HELP,NOSE
0.522763,HAND,HUG,HAT
0.52262,BUNNY,KISS,MILK
0.522592,DUCK,SEE,TREE
0.522175,CAT,KISS,DOOR
0.521997,BEAR,KISS,TREE
0.521913,FISH,SEE,COW
0.521764,HORSE,EAT,CHEESE
0.521528,BEAR,EAT,BUNNY
0.521166,COW,BITE,HORSE
0.520825,CAT,HELP,CRACKER
0.52049,BUNNY,KISS,COW
0.520103,BEAR,KISS,CAT
0.52003,CAT,EAT,PIG
0.519991,PERSON,BITE,COOKIE
0.519944,PERSON,HELP,DIAPER
0.519753,HAND,HELP,CRACKER
0.519687,COW,BITE,TOE
0.519681,BUNNY,EAT,FISH
0.519333,COW,BITE,HAND
0.519265,PIG,EAT,CUP
0.519169,CAT,KISS,TV
0.519095,BEAR,SWING,APPLE
0.519056,FOOT,SWING,DOOR
0.51896,TOOTH,BITE,CHAIR
0.518943,HORSE,KISS,TOE
0.518852,PERSON,OPEN,NOSE
0.51864,PIG,SEE,KEY
0.518609,BUNNY,OPEN,COOKIE
0.518531,BUNNY,KISS,FISH
0.518436,BEAR,OPEN,DIAPER
0.51839,FOOT,OPEN,BLANKET
0.518235,MOUTH,BITE,CHAIR
0.518232,PIG,HELP,HORSE
0.518229,DUCK,BITE,DIAPER
0.517914,PIG,SEE,FOOT
0.517845,HORSE,EAT,SPOON
0.517502,COW,BITE,DUCK
0.517418,MOUTH,KISS,LIGHT
0.51736,CAT,BITE,FLOWER
0.517015,COW,SWING,FOOT
0.516835,COW,KISS,EAR
0.516546,HORSE,OPEN,DOOR
0.516529,COW,SEE,BLANKET
0.516416,HORSE,BITE,MOUTH
0.516372,HORSE,SEE,HAIR
0.516296,KEY,SWING,KEY
0.516291,TOE,SWING,DIAPER
0.516096,DUCK,EAT,CHEESE
0.516002,CAT,KISS,CHAIR
0.51596,PERSON,BITE,TOOTH
0.515947,HAND,SWING,FISH
0.515619,PERSON,BITE,BELLY-BUTTON
0.515387,MOUTH,SWING,CHEESE
0.515188,PERSON,EAT,PIG
0.514875,PERSON,SWING,TREE
0.514875,CAT,EAT,DUCK
0.514562,BEAR,HUG,HAT
0.514337,COW,HELP,HORSE
0.514255,PIG,SWING,FISH
0.513837,CAT,BITE,HORSE
0.513831,BUNNY,SEE,HAT
0.513683,FISH,KISS,HORSE
0.513653,PIG,SEE,DIAPER
0.513506,PERSON,HELP,TV
0.513338,HAND,HELP,HAIR
0.513251,PERSON,EAT,HAT
0.513239,CAT,KISS,COOKIE
0.513187,BUNNY,HELP,CAT
0.513147,CAT,KISS,EAR
0.513098,HORSE,SEE,HAND
0.513087,TOOTH,OPEN,FISH
0.512948,BEAR,SWING,CUP
0.512897,PERSON,SWING,CRACKER
0.512895,FISH,SEE,DIAPER
0.512735,PIG,HUG,COOKIE
0.51257,CAT,EAT,TOE
0.512476,DUCK,KISS,WATER
0.512299,FISH,SEE,CHEESE
0.511844,HORSE,SWING,CHAIR
0.511802,KEY,KISS,DOOR
0.511753,BEAR,HUG,WATER
0.511448,HORSE,KISS,BELLY-BUTTON
0.511432,HORSE,EAT,TOOTH
0.511355,MOUTH,BITE,BED
0.511091,FISH,BITE,SPOON
0.510839,HAND,OPEN,MOUTH
0.510806,HAND,HELP,TOOTH
0.510344,MOUTH,KISS,HAIR
0.510337,BEAR,KISS,HAT
0.510328,MOUTH,BITE,COW
0.510214,HORSE,BITE,KEY
0.510049,HORSE,SEE,EAR
0.510037,COW,EAT,KEY
0.510003,CAT,SWING,FLOWER
0.509992,DUCK,KISS,EAR
0.509927,CAT,SEE,TELEPHONE
0.509918,BUNNY,EAT,NOSE
0.509811,BEAR,KISS,COOKIE
0.509722,PERSON,BITE,BUNNY
0.509492,HAND,OPEN,HAT
0.508867,COW,EAT,FISH
0.508726,PIG,EAT,WATER
0.508423,PERSON,READ,SPOON
0.508311,HORSE,DRINK,CUP
0.50814,CAT,KISS,TOOTH
0.508134,FISH,SEE,KEY
0.507679,FISH,SEE,MILK
0.507651,BEAR,BITE,HAIR
0.507489,BUNNY,OPEN,DIAPER
0.507445,MOUTH,EAT,FOOT
0.507397,PIG,EAT,HAIR
0.507342,BUNNY,BITE,HORSE
0.507338,HAND,SWING,SPOON
0.507239,MOUTH,BITE,CUP
0.506921,DUCK,SWING,FISH
0.506828,CAT,KISS,BELLY-BUTTON
0.506817,PERSON,HELP,APPLE
0.506802,HAND,SWING,BEAR
0.506727,DUCK,BITE,BLANKET
0.506657,HORSE,HELP,COW
0.506651,COW,OPEN,DOOR
0.506579,CAT,BITE,TV
0.506535,FISH,BITE,COOKIE
0.506149,PERSON,KISS,BLANKET
0.505909,BUNNY,KISS,BEAR
0.505666,COW,KISS,MOUTH
0.50566,HAND,HUG,DOOR
0.505647,FOOT,SEE,HORSE
0.50551,FISH,EAT,TOE
0.505249,PIG,SWING,HAT
0.50473,BUNNY,HUG,HAND
0.504628,HAND,HELP,MOUTH
0.504231,HORSE,SEE,NOSE
0.504175,DUCK,BITE,MOUTH
0.504093,PERSON,SWING,DIAPER
0.504052,HAND,OPEN,FISH
0.503924,PERSON,READ,PERSON
0.503859,PIG,HUG,APPLE
0.50379,PIG,BITE,BELLY-BUTTON
0.503781,PIG,EAT,TOOTH
0.503555,BUNNY,SEE,BELLY-BUTTON
0.50345,TOE,SWING,FOOT
0.503394,HORSE,EAT,HAT
0.50283,KEY,OPEN,HAT
0.502684,PIG,SEE,MILK
0.502613,CAT,OPEN,CHEESE
0.502113,FISH,BITE,LIGHT
0.502052,PIG,HUG,PIG
0.501996,TOOTH,BITE,BEAR
0.501895,PIG,EAT,BLANKET
0.501866,CAT,SWING,DOOR
0.501728,CAT,HUG,DUCK
0.501675,PIG,HELP,BED
0.501301,BUNNY,BITE,BLANKET
0.501172,BUNNY,BITE,PIG
0.500758,HORSE,KISS,BED
0.500262,BEAR,BITE,WATER
0.500234,BUNNY,BITE,HAND
0.500172,HORSE,SEE,BED
0.499869,PERSON,KISS,CHEESE
0.499686,PERSON,BITE,TELEPHONE
0.499645,CAT,OPEN,APPLE
0.499512,HAND,SWING,CHEESE
0.499501,BUNNY,BITE,KEY
0.499358,PIG,SWING,HAIR
0.49907,PERSON,HUG,CUP
0.498259,HORSE,KISS,EAR
0.498227,KEY,HELP,PERSON
0.49801,FISH,HELP,PIG
0.497991,BUNNY,KISS,TELEPHONE
0.497603,BUNNY,KISS,CHAIR
0.497557,COW,SWING,FLOWER
0.497549,PIG,SWING,CRACKER
0.497099,HORSE,BITE,HORSE
0.497068,BEAR,SEE,MOUTH
0.496817,CAT,KISS,WATER
0.496422,COW,HELP,BEAR
0.49633,PIG,SEE,EAR
0.495994,DUCK,HELP,HORSE
0.495469,HORSE,HELP,PIG
0.495333,FISH,BITE,CRACKER
0.49527,PERSON,HUG,HAIR
0.495222,FISH,BITE,DOOR
0.495213,BUNNY,HUG,DUCK
0.494479,BEAR,SWING,CAT
0.494472,BUNNY,KISS,TV
0.494344,PERSON,HELP,BUNNY
0.494339,COW,KISS,SPOON
0.494298,HORSE,SWING,CUP
0.494262,PIG,SEE,HAND
0.494173,HORSE,EAT,LIGHT
0.494147,HORSE,HELP,HAIR
0.494036,FISH,SEE,CAT
0.493947,BEAR,BITE,FLOWER
0.493946,COW,EAT,FOOT
0.49394,MOUTH,KISS,TREE
0.493599,TOOTH,BITE,CRACKER
0.493412,DUCK,HELP,PERSON
0.493158,HORSE,SWING,DUCK
0.492281,BUNNY,KISS,BUNNY
0.492277,HORSE,HELP,DUCK
0.492275,TOOTH,EAT,CRACKER
0.492131,BEAR,KISS,CUP
0.492102,BUNNY,KISS,TOOTH
0.491974,BEAR,KISS,COW
0.491938,COW,HELP,PERSON
0.491753,BEAR,SWING,FISH
0.491733,DUCK,BITE,BELLY-BUTTON
0.491658,BUNNY,SEE,KEY
0.49164,HORSE,DRINK,MILK
0.491529,COW,BITE,DIAPER
0.491509,MOUTH,EAT,APPLE
0.491453,DUCK,BITE,WATER
0.491377,BUNNY,EAT,SPOON
0.491352,DUCK,SEE,DOOR
0.49104,COW,KISS,WATER
0.490878,MOUTH,BITE,DOOR
0.49083,FISH,KISS,HAND
0.490788,FISH,KISS,MOUTH
0.490484,PERSON,EAT,KEY
0.49002,PIG,SEE,BLANKET
0.489988,FOOT,SWING,KEY
0.489902,BEAR,BITE,CUP
0.489737,PIG,BITE,SPOON
0.489377,FOOT,SWING,BLANKET
0.488824,BEAR,HUG,BUNNY
0.48878,CAT,BITE,BEAR
0.48871,HAND,SWING,CUP
0.48855,TOOTH,OPEN,PIG
0.488419,MOUTH,KISS,CRACKER
0.488241,COW,EAT,HAT
0.488038,FISH,HELP,FISH
0.487835,PERSON,KISS,FISH
0.487473,CAT,HUG,CUP
0.487383,PERSON,BITE,MOUTH
0.487344,PIG,BITE,CRACKER
0.487161,PIG,OPEN,BUNNY
0.487056,PERSON,BITE,BLANKET
0.486717,HORSE,BITE,HAT
0.486646,HAND,HELP,SPOON
0.486145,DUCK,OPEN,DOOR
0.48604,COW,BITE,HAIR
0.485865,COW,BITE,FOOT
0.485858,BEAR,HELP,DUCK
0.485784,HAND,SWING,NOSE
0.485749,COW,DRINK,FLOWER
0.485716,BEAR,BITE,SPOON
0.485633,TOOTH,BITE,BED
0.485593,KEY,OPEN,LIGHT
0.4855,BUNNY,BITE,BELLY-BUTTON
0.48532,COW,EAT,BUNNY
0.485194,CAT,HUG,FLOWER
0.48497,BUNNY,OPEN,BLANKET
0.48487,FISH,SEE,PERSON
0.484622,CAT,OPEN,BLANKET
0.484475,BEAR,KISS,CHEESE
0.484333,BUNNY,HELP,FLOWER
0.48422,CAT,KISS,DIAPER
0.484015,COW,SEE,TV
0.484007,DUCK,KISS,DIAPER
0.48393,MOUTH,EAT,PERSON
0.483795,DUCK,EAT,BLANKET
0.483478,MOUTH,EAT,WATER
0.483449,CAT,BITE,BELLY-BUTTON
0.483422,BUNNY,HELP,MILK
0.483141,PERSON,EAT,HORSE
0.48312,PERSON,OPEN,CUP
0.482024,PIG,SEE,COOKIE
0.481987,PERSON,HUG,COOKIE
0.48177,COW,EAT,TREE
0.481548,DUCK,KISS,COOKIE
0.481331,MOUTH,KISS,SPOON
0.481303,PERSON,SWING,WATER
0.481121,CAT,OPEN,DIAPER
0.481078,BEAR,HELP,HORSE
0.480833,CAT,BITE,TOOTH
0.480787,HORSE,BITE,CHEESE
0.480469,PERSON,EAT,CAT
0.480135,BEAR,HELP,FLOWER
0.480044,HAND,OPEN,LIGHT
0.480027,HAND,OPEN,DUCK
0.479905,DUCK,HELP,COW
0.479775,FISH,BITE,APPLE
0.47945,HORSE,KISS,CUP
0.47919,DUCK,BITE,CRACKER
0.478718,PERSON,READ,COOKIE
0.478714,PIG,SEE,TOOTH
0.47859,BEAR,OPEN,CUP
0.478546,DUCK,KISS,CAT
0.478478,DUCK,BITE,MILK
0.478341,PERSON,EAT,NOSE
0.478107,FISH,EAT,NOSE
0.478085,HORSE,BITE,FISH
0.477854,CAT,SWING,COOKIE
0.477606,BEAR,EAT,BEAR
0.47741,HORSE,EAT,BLANKET
0.477362,PERSON,OPEN,DUCK
0.477337,BEAR,SWING,TREE
0.477066,BEAR,KISS,SPOON
0.476733,BUNNY,SEE,TELEPHONE
0.476723,TOOTH,BITE,BUNNY
0.476363,MOUTH,BITE,BLANKET
0.476255,PERSON,READ,KEY
0.476227,BEAR,HUG,FISH
0.47613,DUCK,EAT,NOSE
0.476052,CAT,BITE,TELEPHONE
0.475973,PIG,KISS,TOOTH
0.475955,PIG,EAT,HAND
0.475706,BEAR,HUG,APPLE
0.47533,BEAR,KISS,LIGHT
0.475305,HORSE,SWING,COOKIE
0.475305,HORSE,SEE,CHEESE
0.475257,BUNNY,HUG,TELEPHONE
0.475175,DUCK,KISS,TREE
0.475136,BEAR,OPEN,CHEESE
0.475005,CAT,SEE,MOUTH
0.474988,HAND,OPEN,WATER
0.474855,HORSE,KISS,MILK
0.474809,BUNNY,EAT,MOUTH
0.474596,MOUTH,KISS,CUP
0.474396,PERSON,READ,LIGHT
0.474359,BUNNY,KISS,CAT
0.474117,PIG,KISS,CRACKER
0.473964,FISH,KISS,FLOWER
0.47393,HORSE,SEE,KEY
0.473727,PIG,HUG,FOOT
0.473545,PERSON,HELP,CHAIR
0.473516,HAND,SWING,MILK
0.473443,PERSON,BITE,LIGHT
0.473402,DUCK,SEE,DIAPER
0.473219,BEAR,KISS,MOUTH
0.473175,PIG,EAT,BUNNY
0.473078,BUNNY,SWING,DOOR
0.473053,HAND,HELP,BEAR
0.472934,BEAR,BITE,CHAIR
0.472903,COW,BITE,BEAR
0.472727,BEAR,KISS,HAND
0.472725,PERSON,BITE,CHAIR
0.472668,FOOT,OPEN,FLOWER
0.472553,HAND,SWING,CHAIR
0.472535,BEAR,EAT,HAIR
0.472482,BEAR,HUG,TV
0.472142,CAT,HUG,WATER
0.471943,DUCK,KISS,CUP
0.471677,TOOTH,BITE,FOOT
0.471596,MOUTH,SWING,TELEPHONE
0.471577,PIG,BITE,EAR
0.47153,PIG,SEE,BELLY-BUTTON
0.471475,DUCK,EAT,KEY
0.471327,MOUTH,KISS,BLANKET
0.471287,HAND,HELP,TREE
0.471117,BUNNY,BITE,FISH
0.471091,TOOTH,BITE,HORSE
0.470991,COW,KISS,TREE
0.470902,BEAR,SEE,CHEESE
0.470822,COW,BITE,MOUTH
0.470784,BEAR,EAT,DIAPER
0.47078,PERSON,EAT,EAR
0.470547,PIG,BITE,BED
0.470248,MOUTH,BITE,TELEPHONE
0.470235,HAND,HELP,APPLE
0.470216,FISH,KISS,NOSE
0.470162,FOOT,SWING,FLOWER
0.470126,CAT,SWING,MOUTH
0.469877,BUNNY,BITE,CAT
0.469859,PIG,SWING,DOOR
0.469721,FOOT,HUG,FLOWER
0.469707,HORSE,EAT,MILK
0.469589,PERSON,SEE,EAR
0.469493,BUNNY,BITE,TOE
0.469454,FISH,SWING,TOOTH
0.469427,PERSON,EAT,SPOON
0.469363,BUNNY,SEE,APPLE
0.469121,PERSON,HUG,HAND
0.469041,BUNNY,EAT,BLANKET
0.468915,FISH,BITE,EAR
0.468738,BUNNY,SEE,HAIR
0.468625,COW,SEE,EAR
0.468425,MOUTH,HUG,CRACKER
0.468313,BUNNY,EAT,HAT
0.468256,CAT,BITE,HAIR
0.468035,FISH,KISS,APPLE
0.467994,BUNNY,EAT,HAND
0.467919,FISH,KISS,COOKIE
0.467482,BUNNY,HUG,COOKIE
0.466579,BUNNY,DRINK,FLOWER
0.466564,COW,KISS,COOKIE
0.466499,MOUTH,KISS,MILK
0.466465,HAND,HELP,COOKIE
0.466451,PERSON,READ,DOOR
0.466402,BEAR,EAT,CUP
0.466016,DUCK,SWING,WATER
0.465897,FISH,KISS,BUNNY
0.465877,COW,KISS,DUCK
0.465837,BEAR,SWING,HAIR
0.465803,HORSE,EAT,CUP
0.465714,BEAR,KISS,NOSE
0.465635,BUNNY,OPEN,HAND
0.465125,BUNNY,KISS,CHEESE
0.464871,HORSE,BITE,TOE
0.464749,CAT,OPEN,BED
0.464571,MOUTH,EAT,TELEPHONE
0.464349,MOUTH,KISS,PIG
0.464287,COW,EAT,HAIR
0.464212,PIG,KISS,DOOR
0.463883,CAT,EAT,TREE
0.463665,BEAR,DRINK,WATER
0.463587,HAND,HUG,KEY
0.463505,COW,HELP,DUCK
0.463159,DUCK,BITE,CHAIR
0.463104,HORSE,KISS,APPLE
0.462992,DUCK,KISS,BED
0.462706,PIG,BITE,WATER
0.462626,PERSON,EAT,CUP
0.462556,NOSE,DRINK,CUP
0.462461,DUCK,SWING,DOOR
0.462176,HORSE,EAT,FISH
0.462133,DUCK,KISS,PERSON
0.461943,COW,HUG,EAR
0.461828,FISH,HUG,SPOON
0.461752,DUCK,SWING,NOSE
0.461724,PERSON,DRINK,CHEESE
0.461597,COW,BITE,CRACKER
0.461568,NOSE,KISS,DOOR
0.460635,FISH,BITE,KEY
0.460319,COW,SEE,BED
0.460106,BUNNY,BITE,DOOR
0.46006,MOUTH,SWING,HAT
0.460026,HORSE,KISS,HAT
0.459993,TOOTH,SEE,OUTSIDE
0.459797,PIG,KISS,TV
0.459495,PIG,KISS,WATER
0.459454,BUNNY,EAT,TOE
0.459365,CAT,EAT,PERSON
0.459236,HAND,HELP,BELLY-BUTTON
0.459142,BEAR,SWING,BED
0.45877,DUCK,SEE,BED
0.458681,BUNNY,KISS,CRACKER
0.458612,BEAR,HUG,DUCK
0.4583,BUNNY,SEE,CUP
0.458125,HORSE,HUG,PIG
0.458066,PIG,KISS,APPLE
0.457945,TOE,OPEN,DOOR
0.457731,PIG,KISS,DUCK
0.457616,CAT,HUG,COOKIE
0.457605,COW,EAT,SPOON
0.457588,CAT,SWING,DIAPER
0.457491,CAT,SEE,KEY
0.45749,PERSON,HUG,CHEESE
0.457262,HORSE,HUG,BLANKET
0.457206,BUNNY,BITE,BEAR
0.457124,DUCK,BITE,HORSE
0.456982,FISH,HELP,TOE
0.456767,BEAR,OPEN,FISH
0.456738,BEAR,KISS,BED
0.456635,PERSON,HUG,SPOON
0.456537,DUCK,SWING,HAT
0.455878,BUNNY,BITE,TELEPHONE
0.455573,HAND,HUG,SPOON
0.45545,FISH,EAT,APPLE
0.455439,HAND,SWING,DUCK
0.455207,COW,HUG,CAT
0.454796,MOUTH,EAT,HORSE
0.454721,PERSON,EAT,DOOR
0.454698,NOSE,OPEN,FLOWER
0.454588,COW,SEE,CAT
0.454391,DUCK,EAT,CAT
0.454205,COW,HUG,PIG
0.454204,BEAR,SWING,BEAR
0.453239,PIG,SEE,NOSE
0.45313,COW,BITE,BELLY-BUTTON
0.452819,HORSE,SEE,FOOT
0.452671,BUNNY,EAT,EAR
0.45238,BUNNY,KISS,COOKIE
0.451998,PERSON,DRINK,HAT
0.451924,PIG,EAT,EAR
0.451885,COW,BITE,DOOR
0.451494,TOOTH,BITE,DOOR
0.451401,COW,BITE,SPOON
0.451375,HORSE,KISS,NOSE
0.451305,DUCK,EAT,DUCK
0.451107,COW,EAT,EAR
0.450931,BEAR,SWING,FOOT
0.450741,CAT,OPEN,FLOWER
0.45064,DUCK,BITE,CUP
0.450587,HORSE,EAT,BUNNY
0.450551,MOUTH,EAT,CUP
0.450446,PERSON,KISS,DIAPER
0.450379,DUCK,SEE,CHEESE
0.450268,DUCK,KISS,PIG
0.450158,PIG,EAT,PIG
0.450102,HORSE,KISS,BEAR
0.450043,COW,BITE,CHAIR
0.449813,COW,SEE,SPOON
0.449589,DUCK,HUG,CAT
0.449486,CAT,SWING,DUCK
0.449451,COW,HUG,CHEESE
0.44945,PIG,BITE,CHAIR
0.449399,TOOTH,BITE,KEY
0.449185,DUCK,KISS,TOOTH
0.449169,PERSON,BITE,CAT
0.449008,FISH,BITE,BLANKET
0.448255,DUCK,SWING,CAT
0.448236,COW,KISS,DOOR
0.448201,HAND,OPEN,FOOT
0.448164,DUCK,HELP,BUNNY
0.44798,CAT,HUG,HAIR
0.447963,HORSE,OPEN,WATER
0.447888,DUCK,EAT,CHAIR
0.447813,BEAR,SEE,FOOT
0.447762,FOOT,SWING,CHAIR
0.447754,MOUTH,KISS,CHAIR
0.447735,BUNNY,KISS,BLANKET
0.447689,COW,SEE,HORSE
0.44746,HORSE,SEE,HAT
0.447441,FISH,HELP,DUCK
0.447383,DUCK,HUG,HAND
0.447213,PIG,KISS,CUP
0.446941,BEAR,BITE,NOSE
0.446785,BEAR,BITE,TOOTH
0.446486,PERSON,SWING,PIG
0.446446,BEAR,SWING,DIAPER
0.446443,DUCK,HUG,CRACKER
0.44641,TOE,OPEN,WATER
0.446389,COW,BITE,COOKIE
0.445809,HORSE,EAT,TOE
0.445797,PIG,EAT,SPOON
0.445533,HORSE,SWING,DOOR
0.444924,BEAR,SEE,CRACKER
0.444851,BUNNY,SWING,BLANKET
0.444525,HORSE,OPEN,APPLE
0.444332,BUNNY,HUG,KEY
0.444277,BUNNY,KISS,HAT
0.444124,CAT,HELP,FISH
0.443891,COW,KISS,BEAR
0.443831,BEAR,EAT,NOSE
0.4435,DUCK,EAT,TREE
0.443274,BUNNY,BITE,TV
0.443259,MOUTH,BITE,KEY
0.443199,PERSON,HELP,LIGHT
0.443179,BEAR,HUG,CHAIR
0.443108,COW,SWING,KEY
0.443089,COW,SEE,TOOTH
0.443047,COW,BITE,COW
0.443046,BEAR,HUG,CHEESE
0.442761,HAND,OPEN,FLOWER
0.442631,PIG,KISS,BEAR
0.442624,MOUTH,EAT,TOOTH
0.442257,COW,SWING,TOE
0.442248,DUCK,SWING,DUCK
0.441708,COW,BITE,CHEESE
0.441505,BEAR,KISS,DOOR
0.441464,MOUTH,BITE,BEAR
0.441462,PERSON,HUG,FOOT
0.44138,FISH,EAT,CUP
0.441146,DUCK,EAT,DIAPER
0.440932,MOUTH,EAT,BED
0.440724,FISH,OPEN,TOOTH
0.440479,TOOTH,BITE,DIAPER
0.440371,CAT,SWING,CHEESE
0.44007,DUCK,SWING,CHEESE
0.439962,CAT,EAT,FOOT
0.439703,HORSE,KISS,CHAIR
0.439696,PIG,KISS,PERSON
0.439645,CAT,KISS,MOUTH
0.439554,COW,EAT,CHEESE
0.439521,PERSON,SWING,BEAR
0.439411,PIG,OPEN,APPLE
0.439173,DUCK,EAT,WATER
0.438988,CAT,EAT,CAT
0.438966,HORSE,KISS,CRACKER
0.438684,DUCK,KISS,MILK
0.438566,COW,BITE,WATER
0.438557,MOUTH,BITE,BELLY-BUTTON
0.438543,BEAR,HELP,TREE
0.438516,BUNNY,EAT,DOOR
0.438479,BEAR,SWING,LIGHT
0.438419,FISH,SEE,FLOWER
0.438352,COW,BITE,BLANKET
0.438158,FISH,SEE,BED
0.438072,COW,EAT,HORSE
0.437958,KEY,OPEN,CUP
0.437598,FISH,SEE,EAR
0.437584,MOUTH,EAT,BEAR
0.437487,FISH,EAT,BUNNY
0.437398,BEAR,HUG,SPOON
0.437373,KEY,HELP,BEAR
0.437238,PERSON,EAT,TOOTH
0.437218,HORSE,KISS,DUCK
0.437189,BEAR,HELP,BED
0.437106,FISH,KISS,PERSON
0.4369,BUNNY,BITE,DIAPER
0.436531,DUCK,SWING,FLOWER
0.436521,MOUTH,OPEN,MILK
0.43645,MOUTH,SWING,KEY
0.436447,CAT,KISS,DUCK
0.436309,DUCK,HELP,CAT
0.436231,BEAR,SEE,KEY
0.43622,BEAR,BITE,TELEPHONE
0.436183,DUCK,HELP,HAT
0.435916,CAT,EAT,APPLE
0.435634,FISH,EAT,TOOTH
0.435472,PERSON,SWING,COW
0.43542,DUCK,KISS,CHAIR
0.435275,DUCK,OPEN,FISH
0.435181,BUNNY,SEE,DIAPER
0.435004,PERSON,READ,TV
0.434895,PERSON,EAT,WATER
0.43478,TOE,SWING,LIGHT
0.434764,BEAR,SWING,CHAIR
0.434739,MOUTH,KISS,DUCK
0.434707,FOOT,OPEN,HAND
0.434308,COW,KISS,TOOTH
0.434131,MOUTH,SWING,CRACKER
0.433844,DUCK,KISS,TOE
0.433807,BEAR,KISS,FOOT
0.433805,FOOT,HELP,WATER
0.433798,TOOTH,BITE,CAT
0.433471,BEAR,SEE,TOE
0.433308,CAT,OPEN,HAT
0.433195,PERSON,OPEN,BEAR
0.433191,PIG,HUG,CRACKER
0.433163,PIG,EAT,BELLY-BUTTON
0.432811,BEAR,SEE,DIAPER
0.4328,MOUTH,SEE,HAND
0.43253,FISH,SEE,CRACKER
0.43251,DUCK,SEE,BELLY-BUTTON
0.432357,HORSE,KISS,TOOTH
0.432339,HORSE,BITE,BUNNY
0.431856,COW,BITE,FISH
0.431663,FOOT,HELP,COW
0.431538,BUNNY,EAT,TREE
0.431365,MOUTH,OPEN,APPLE
0.430577,HORSE,BITE,MILK
0.430446,FISH,SEE,HAIR
0.429756,HORSE,SWING,CRACKER
0.429418,CAT,BITE,KEY
0.429415,DUCK,KISS,BLANKET
0.428894,NOSE,OPEN,BLANKET
0.428861,PERSON,HUG,TOOTH
0.428851,CAT,SWING,CAT
0.428835,BUNNY,SEE,LIGHT
0.428804,DUCK,OPEN,BLANKET
0.42872,HORSE,BITE,BED
0.428676,PIG,BITE,BLANKET
0.428516,FOOT,SWING,APPLE
0.428463,BEAR,SEE,CAT
0.428271,CAT,OPEN,TV
0.428159,MOUTH,EAT,TOE
0.428086,HAND,HELP,LIGHT
0.428034,COW,SEE,FOOT
0.427679,TOOTH,EAT,FLOWER
0.427628,BEAR,HELP,WATER
0.427607,COW,EAT,CUP
0.42754,BUNNY,BITE,TOOTH
0.427486,BUNNY,HUG,TV
0.427328,HORSE,HELP,TOOTH
0.427213,DUCK,HELP,FISH
0.427198,CAT,DRINK,BED
0.427193,BUNNY,SWING,CHEESE
0.427168,SPOON,HELP,MOUTH
0.426996,PIG,OPEN,CUP
0.426847,HAND,HUG,CHEESE
0.426658,BEAR,OPEN,BLANKET
0.426638,DUCK,KISS,DOOR
0.426535,MOUTH,BITE,MOUTH
0.426488,FISH,DRINK,MILK
0.426481,CAT,OPEN,CRACKER
0.426318,FISH,SEE,TREE
0.426001,MOUTH,BITE,WATER
0.425769,FISH,SEE,NOSE
0.425746,HORSE,EAT,HAIR
0.425017,BEAR,BITE,MILK
0.42458,PIG,DRINK,MOUTH
0.423967,NOSE,KISS,WATER
0.423694,PERSON,EAT,HAIR
0.423628,HAND,HELP,HAT
0.423355,SPOON,HELP,NOSE
0.423332,TOE,HELP,HAND
0.423277,PIG,HELP,BUNNY
0.423093,BEAR,SWING,TELEPHONE
0.423088,PIG,BITE,DIAPER
0.423073,BEAR,EAT,SPOON
0.42273,PERSON,OPEN,BUNNY
0.422355,PIG,HUG,DUCK
0.421754,FISH,BITE,COW
0.421711,PIG,EAT,DIAPER
0.421457,PIG,HELP,COW
0.421358,HAND,SWING,TOOTH
0.420949,CAT,HUG,EAR
0.420913,COW,HUG,BLANKET
0.42091,BUNNY,SEE,TV
0.420862,MOUTH,KISS,TV
0.420711,BUNNY,OPEN,APPLE
0.420305,BUNNY,HELP,BEAR
0.420264,NOSE,SWING,CUP
0.420218,DUCK,OPEN,CHEESE
0.420013,KEY,KISS,BELLY-BUTTON
0.419821,MOUTH,EAT,BUNNY
0.419713,PERSON,BITE,TREE
0.419663,NOSE,SWING,APPLE
0.419587,HORSE,KISS,BLANKET
0.419533,BUNNY,OPEN,CUP
0.419464,PERSON,SWING,HAIR
0.419463,BUNNY,HUG,EAR
0.419459,PERSON,HUG,TOE
0.419319,FOOT,HUG,BLANKET
0.419154,FISH,BITE,DIAPER
0.419114,MOUTH,BITE,DUCK
0.419003,COW,HELP,MILK
0.418766,BUNNY,OPEN,LIGHT
0.418553,BEAR,KISS,HAIR
0.418547,DUCK,EAT,FOOT
0.418482,HORSE,SWING,EAR
0.418468,PERSON,READ,MILK
0.418431,PIG,SEE,CHEESE
0.418431,NOSE,DRINK,WATER
0.418183,BUNNY,SWING,EAR
0.417716,BEAR,SEE,MILK
0.417166,FISH,EAT,PERSON
0.417129,BEAR,KISS,TOOTH
0.417003,PIG,OPEN,BLANKET
0.41668,HORSE,SEE,BELLY-BUTTON
0.416574,TOE,OPEN,DIAPER
0.416478,BEAR,HELP,CAT
0.416429,PIG,BITE,TELEPHONE
0.416381,COW,OPEN,FLOWER
0.416264,DUCK,HUG,BUNNY
0.416178,PIG,SWING,BLANKET
0.416089,COW,SWING,CHAIR
0.416012,PIG,HELP,HAND
0.415224,HORSE,SWING,PERSON
0.415019,DUCK,EAT,MOUTH
0.414965,PIG,SWING,KEY
0.414965,MOUTH,SWING,CHAIR
0.414739,BEAR,KISS,MILK
0.414503,PERSON,BITE,WATER
0.414478,COW,OPEN,LIGHT
0.413845,BEAR,KISS,BELLY-BUTTON
0.41329,HORSE,OPEN,DIAPER
0.412853,HORSE,EAT,NOSE
0.412784,BUNNY,HELP,APPLE
0.412406,FISH,EAT,SPOON
0.41234,FOOT,SWING,TV
0.412308,BEAR,DRINK,CUP
0.412287,PIG,BITE,LIGHT
0.412283,PIG,SWING,EAR
0.412262,HAND,HELP,EAR
0.412236,FISH,EAT,BELLY-BUTTON
0.412163,FISH,HELP,PERSON
0.411631,BEAR,SEE,EAR
0.41131,TOOTH,HELP,MOUTH
0.411235,MOUTH,OPEN,WATER
0.411223,BEAR,HUG,TELEPHONE
0.411178,HORSE,BITE,DOOR
0.411112,HORSE,KISS,COOKIE
0.410908,FISH,SEE,HAT
0.410869,HAND,HELP,DOOR
0.410792,FOOT,HELP,CHAIR
0.410638,PIG,READ,APPLE
0.410605,PIG,EAT,PERSON
0.410379,PIG,HUG,TOE
0.410084,PERSON,HUG,APPLE
0.410067,COW,SEE,KEY
0.409917,BEAR,EAT,MILK
0.409451,TOE,SWING,CUP
0.409307,COW,KISS,FISH
0.408844,HORSE,EAT,KEY
0.408795,BEAR,HUG,FLOWER
0.408743,HORSE,BITE,BEAR
0.40866,CAT,HUG,TOE
0.408528,COW,EAT,BED
0.408409,PIG,KISS,CHAIR
0.408403,CAT,HELP,HAND
0.408369,TOOTH,EAT,APPLE
0.408297,TOE,HUG,CAT
0.40824,COW,EAT,CAT
0.408182,PIG,EAT,COW
0.40802,PERSON,EAT,BUNNY
0.407998,CAT,BITE,DUCK
0.407909,DUCK,SEE,HAIR
0.407687,TOE,OPEN,BLANKET
0.40739,TOE,HELP,TOE
0.407143,COW,EAT,DUCK
0.407131,BUNNY,SWING,CHAIR
0.406896,PIG,HUG,LIGHT
0.406883,PERSON,OPEN,PIG
0.406793,HAND,HUG,HORSE
0.406398,COW,KISS,MILK
0.406232,CAT,OPEN,CHAIR
0.405778,COW,EAT,TOOTH
0.405681,CAT,SEE,TOOTH
0.405658,PIG,SWING,PERSON
0.405555,COW,SWING,TOOTH
0.405377,BUNNY,HELP,EAR
0.404963,COW,SWING,WATER
0.404919,COW,DRINK,CHEESE
0.404556,CAT,SWING,WATER
0.404479,BEAR,EAT,KEY
0.403974,FISH,SEE,BLANKET
0.403919,FISH,SWING,COOKIE
0.403808,CAT,SWING,LIGHT
0.403663,BEAR,HUG,COW
0.403583,MOUTH,SWING,CUP
0.403426,HAND,OPEN,TV
0.403306,TOE,SWING,KEY
0.403288,FISH,BITE,BEAR
0.403127,CAT,SWING,HAIR
0.402991,MOUTH,EAT,NOSE
0.402382,PIG,KISS,EAR
0.4023,DUCK,SWING,BLANKET
0.401561,COW,BITE,TELEPHONE
0.401557,MOUTH,OPEN,TV
0.401464,NOSE,DRINK,MILK
0.401459,SPOON,HELP,PERSON
0.401438,PIG,EAT,TREE
0.401257,PERSON,KISS,TOOTH
0.401233,CAT,EAT,HAND
0.401067,FISH,KISS,TV
0.400946,KEY,OPEN,TELEPHONE
0.40077,HAND,OPEN,TOE
0.400757,HAND,SWING,EAR
0.40066,PIG,EAT,MOUTH
0.400606,TOE,SWING,PIG
0.400424,PERSON,HUG,BELLY-BUTTON
0.399987,MOUTH,HELP,PERSON
0.399633,DUCK,BITE,TOOTH
0.399428,BUNNY,HUG,HAT
0.399279,PERSON,SWING,MILK
0.398855,TOOTH,BITE,NOSE
0.398604,HAND,OPEN,NOSE
0.398541,BUNNY,EAT,CHAIR
0.398527,CAT,HUG,MILK
0.398456,BUNNY,OPEN,FLOWER
0.398368,COW,HUG,COW
0.398326,CAT,SEE,BELLY-BUTTON
0.398305,MOUTH,BITE,DIAPER
0.39816,FISH,SEE,BELLY-BUTTON
0.398149,PIG,DRINK,FISH
0.398014,COW,KISS,KEY
0.397771,BEAR,SWING,PIG
0.396993,COW,EAT,PERSON
0.396936,HORSE,SWING,BLANKET
0.396784,BEAR,SWING,WATER
0.396783,BEAR,KISS,CHAIR
0.396734,DUCK,SEE,TOOTH
0.396439,CAT,SWING,SPOON
0.396201,CAT,OPEN,DUCK
0.395901,NOSE,SWING,WATER
0.395499,BEAR,EAT,BLANKET
0.395331,PIG,KISS,HORSE
0.395245,CAT,SWING,HAT
0.395072,BEAR,HUG,BLANKET
0.395054,NOSE,HELP,MOUTH
0.395028,PIG,EAT,LIGHT
0.395018,KEY,SWING,TOOTH
0.394863,CAT,KISS,HAIR
0.394828,HORSE,BITE,TELEPHONE
0.394199,PIG,HELP,TOOTH
0.39419,PERSON,KISS,LIGHT
0.394181,HORSE,SWING,HAT
0.393413,DUCK,KISS,BEAR
0.393296,BEAR,SEE,BELLY-BUTTON
0.393171,HORSE,EAT,CAT
0.393159,CAT,HUG,PIG
0.392973,BEAR,HUG,HAIR
0.392522,BUNNY,EAT,DIAPER
0.392499,PERSON,DRINK,FLOWER
0.392419,PERSON,HUG,KEY
0.392237,BUNNY,BITE,WATER
0.392188,COW,SEE,TELEPHONE
0.39214,HORSE,OPEN,BED
0.392094,FOOT,HELP,PERSON
0.391896,FISH,EAT,CHEESE
0.391871,DUCK,EAT,BUNNY
0.391854,PIG,SWING,SPOON
0.391722,COW,SWING,HAND
0.390925,FISH,EAT,HAT
0.390733,FOOT,SWING,BUNNY
0.390721,DUCK,EAT,SPOON
0.390576,BEAR,KISS,KEY
0.390474,BEAR,EAT,DOOR
0.390468,BUNNY,SWING,TOOTH
0.390307,SPOON,SWING,EAR
0.39006,BEAR,BITE,KEY
0.389803,CAT,SWING,BUNNY
0.389648,FISH,HUG,FISH
0.389393,CAT,BITE,WATER
0.389341,HORSE,BITE,DIAPER
0.389006,CAT,BITE,LIGHT
0.388879,HORSE,SWING,LIGHT
0.388783,BUNNY,OPEN,NOSE
0.388748,DUCK,SWING,TOOTH
0.388138,BEAR,HUG,LIGHT
0.387708,TOOTH,OPEN,LIGHT
0.387599,COW,KISS,TOE
0.387595,CAT,SWING,EAR
0.387553,HAND,OPEN,BELLY-BUTTON
0.387542,MOUTH,KISS,CAT
0.387423,HORSE,SWING,BUNNY
0.387387,TOOTH,SWING,KEY
0.387381,COW,BITE,TOOTH
0.387376,COW,BITE,TV
0.387152,PERSON,HELP,CUP
0.386737,HAND,HELP,TOE
0.386686,PIG,HELP,FISH
0.386415,HAND,HUG,CRACKER
0.386151,PERSON,READ,DUCK
0.386143,HAND,KISS,LIGHT
0.386106,PERSON,EAT,TREE
0.385893,MOUTH,OPEN,TELEPHONE
0.3857,PIG,OPEN,COOKIE
0.385693,BUNNY,EAT,BUNNY
0.385668,CAT,SWING,NOSE
0.385432,BUNNY,EAT,PIG
0.385239,BEAR,OPEN,PIG
0.384918,PIG,EAT,BED
0.384605,HAND,OPEN,HAIR
0.384003,DUCK,OPEN,CRACKER
0.383831,MOUTH,EAT,HAND
0.383791,HAND,HUG,EAR
0.383644,PERSON,HELP,HAIR
0.383181,DUCK,KISS,TV
0.38303,COW,KISS,CHAIR
0.382434,PERSON,READ,TREE
0.382338,CAT,SWING,KEY
0.382256,PIG,EAT,NOSE
0.382164,HORSE,HUG,FISH
0.382066,COW,KISS,HORSE
0.382014,PIG,SWING,LIGHT
0.381964,DUCK,OPEN,MILK
0.381802,MOUTH,READ,BED
0.38178,PERSON,READ,BED
0.381727,DUCK,DRINK,CUP
0.381683,HAND,KISS,HAT
0.380993,CAT,OPEN,TOE
0.380628,MOUTH,READ,APPLE
0.380252,PIG,SWING,TOE
0.380216,PIG,HELP,CAT
0.380014,FOOT,SWING,CHEESE
0.379215,COW,HELP,EAR
0.378999,BEAR,SWING,HAND
0.378956,DUCK,BITE,FLOWER
0.378652,PERSON,HUG,EAR
0.378489,TOOTH,OPEN,FOOT
0.378252,HORSE,HELP,FISH
0.378156,TOE,OPEN,HAT
0.37806,PIG,HUG,BLANKET
0.377977,BUNNY,SWING,HAIR
0.377944,BEAR,EAT,MOUTH
0.37715,HORSE,KISS,KEY
0.377115,DUCK,BITE,BEAR
0.377074,DUCK,SWING,DIAPER
0.376906,TOE,SWING,APPLE
0.376822,PIG,EAT,TV
0.376739,TOE,OPEN,HORSE
0.376697,BUNNY,DRINK,CHEESE
0.376379,PERSON,HELP,MILK
0.37622,HAND,HUG,TOE
0.375645,FISH,HELP,BUNNY
0.374898,FOOT,OPEN,COOKIE
0.374865,COW,SEE,DIAPER
0.37483,PERSON,HUG,CRACKER
0.374304,FISH,SWING,BUNNY
0.374213,CAT,READ,CAT
0.374157,PIG,SWING,CHEESE
0.374029,BUNNY,HELP,TREE
0.373843,BEAR,OPEN,TOE
0.373385,HORSE,KISS,TREE
0.373239,COW,SWING,TV
0.372622,HAND,SWING,COW
0.372245,MOUTH,BITE,HAIR
0.372081,TOOTH,BITE,BELLY-BUTTON
0.371813,TOE,BITE,FISH
0.371579,BUNNY,EAT,BELLY-BUTTON
0.371465,PERSON,SWING,CHEESE
0.371012,FISH,SEE,HAND
0.370789,COW,BITE,KEY
0.37064,COW,SEE,BELLY-BUTTON
0.370539,BUNNY,SWING,KEY
0.370385,DUCK,HUG,SPOON
0.370383,PIG,KISS,DIAPER
0.370355,BEAR,HUG,CAT
0.370082,COW,EAT,PIG
0.369991,BUNNY,HUG,SPOON
0.369939,HORSE,OPEN,NOSE
0.369921,DUCK,SWING,CHAIR
0.369904,TOE,SWING,FLOWER
0.369904,COW,DRINK,FISH
0.369747,HAND,KISS,CHAIR
0.36953,TOE,OPEN,CHAIR
0.369467,MOUTH,SWING,DOOR
0.369069,DUCK,EAT,EAR
0.368991,BEAR,OPEN,CRACKER
0.368673,MOUTH,EAT,HAIR
0.368535,KEY,KISS,TV
0.368175,COW,SWING,MOUTH
0.368156,PIG,EAT,DOOR
0.368142,FISH,HELP,CHEESE
0.368059,FOOT,SWING,FOOT
0.367376,HORSE,BITE,LIGHT
0.367204,BEAR,OPEN,APPLE
0.367173,BEAR,EAT,CHAIR
0.367156,DUCK,BITE,COW
0.366962,PERSON,HUG,LIGHT
0.366754,HORSE,SWING,PIG
0.366663,FISH,SEE,COOKIE
0.366372,BUNNY,HUG,FOOT
0.366138,COW,KISS,CRACKER
0.366084,BUNNY,EAT,KEY
0.366064,HORSE,SWING,TELEPHONE
0.365549,BEAR,HELP,PIG
0.364965,BEAR,OPEN,PERSON
0.364845,SPOON,OPEN,EAR
0.364647,PIG,KISS,MILK
0.363877,PERSON,DRINK,BEAR
0.363794,FISH,EAT,MOUTH
0.36357,CAT,EAT,TOOTH
0.363544,BUNNY,HUG,PIG
0.363223,BUNNY,KISS,FOOT
0.36318,COW,KISS,BELLY-BUTTON
0.363147,PIG,HELP,FLOWER
0.363028,PIG,BITE,TOOTH
0.362553,DUCK,HUG,TOOTH
0.362199,BUNNY,BITE,COW
0.362031,KEY,HELP,CHEESE
0.36189,PERSON,EAT,TOE
0.361296,MOUTH,KISS,DIAPER
0.361289,FOOT,HELP,PIG
0.360906,FOOT,SWING,DUCK
0.360796,HAND,OPEN,BUNNY
0.360552,DUCK,SWING,PERSON
0.360111,PERSON,BITE,TV
0.360046,SPOON,OPEN,APPLE
0.359828,FISH,OPEN,CHEESE
0.359587,BUNNY,BITE,LIGHT
0.358603,BEAR,OPEN,BUNNY
0.358557,DUCK,HUG,FOOT
0.358416,PIG,HUG,WATER
0.358317,DUCK,BITE,SPOON
0.357949,PIG,BITE,MILK
0.357556,COW,SWING,PIG
0.357401,BUNNY,EAT,WATER
0.357306,HORSE,SWING,NOSE
0.357176,PIG,KISS,HAIR
0.356601,CAT,EAT,TELEPHONE
0.355456,PIG,KISS,BLANKET
0.355378,NOSE,HELP,DIAPER
0.355117,MOUTH,BITE,TV
0.355106,DUCK,SWING,HORSE
0.354895,FISH,BITE,HORSE
0.354704,HORSE,HUG,DOOR
0.354546,HAND,OPEN,PIG
0.354443,MOUTH,BITE,TREE
0.353533,PERSON,READ,CHAIR
0.353114,FISH,EAT,DUCK
0.352975,PIG,HUG,MOUTH
0.352769,BEAR,DRINK,TOOTH
0.352568,KEY,OPEN,WATER
0.352529,FISH,OPEN,MILK
0.352382,COW,DRINK,HAIR
0.351414,PIG,EAT,CAT
0.350547,PERSON,BITE,BED
0.350487,COW,EAT,BEAR
0.350456,HORSE,EAT,DUCK
0.350387,BUNNY,EAT,TOOTH
0.350386,FOOT,SWING,HAT
0.349536,BUNNY,EAT,DUCK
0.349334,MOUTH,SWING,DIAPER
0.349139,TOOTH,BITE,TELEPHONE
0.347886,DUCK,HELP,TREE
0.347865,PIG,KISS,SPOON
0.347855,MOUTH,SWING,WATER
0.347188,FISH,KISS,BLANKET
0.347075,CAT,SWING,BLANKET
0.346913,PIG,EAT,BEAR
0.346897,PERSON,SWING,NOSE
0.346865,BEAR,BITE,TV
0.346862,CAT,SWING,TELEPHONE
0.34683,HORSE,SWING,COW
0.346781,CAT,HUG,BELLY-BUTTON
0.346649,PERSON,DRINK,BLANKET
0.346331,COW,SWING,HAIR
0.346213,COW,KISS,TELEPHONE
0.345723,CAT,HELP,BEAR
0.345544,HAND,OPEN,COW
0.345542,DUCK,BITE,BED
0.345107,PERSON,EAT,PERSON
0.344786,PIG,HELP,SPOON
0.344437,KEY,HELP,KEY
0.344406,DUCK,SEE,MOUTH
0.344218,SPOON,OPEN,FISH
0.343915,PIG,SWING,TV
0.34375,CAT,DRINK,TOOTH
0.343662,PERSON,BITE,HORSE
0.34354,BUNNY,DRINK,CRACKER
0.343481,CAT,EAT,BEAR
0.343264,BUNNY,OPEN,BED
0.343205,BEAR,KISS,DIAPER
0.3426,DUCK,KISS,APPLE
0.342252,FISH,BITE,FLOWER
0.341843,COW,SWING,MILK
0.341666,DUCK,DRINK,MOUTH
0.341312,SPOON,READ,BLANKET
0.341126,DUCK,HELP,MILK
0.340768,NOSE,KISS,HAND
0.340679,DUCK,KISS,HAT
0.340561,NOSE,OPEN,DOOR
0.340558,COW,DRINK,KEY
0.340422,MOUTH,OPEN,BUNNY
0.340245,BEAR,SWING,NOSE
0.339825,BUNNY,HUG,CAT
0.339783,PERSON,EAT,BELLY-BUTTON
0.338351,PIG,SWING,FLOWER
0.338139,DUCK,BITE,EAR
0.338058,COW,OPEN,NOSE
0.338046,FISH,EAT,KEY
0.33793,BUNNY,SWING,FOOT
0.337864,CAT,HUG,DIAPER
0.337554,FISH,BITE,HAT
0.337542,FOOT,SWING,CRACKER
0.337168,PIG,OPEN,DIAPER
0.336482,SPOON,SWING,DUCK
0.336108,PIG,SWING,DIAPER
0.336045,BEAR,OPEN,TV
0.335266,PERSON,OPEN,HORSE
0.334657,MOUTH,SWING,BLANKET
0.334503,PERSON,EAT,TELEPHONE
0.334372,FISH,BITE,PIG
0.334348,CAT,EAT,DIAPER
0.333901,BEAR,EAT,TELEPHONE
0.333865,MOUTH,HUG,DIAPER
0.333436,FISH,BITE,BUNNY
0.332752,HAND,HELP,WATER
0.332737,TOE,OPEN,FLOWER
0.332241,FISH,OPEN,FISH
0.33223,FISH,BITE,TELEPHONE
0.332045,FOOT,SWING,TREE
0.331923,TOE,SWING,TOE
0.331922,COW,KISS,BED
0.331257,TOOTH,BITE,DUCK
0.330715,PIG,SWING,BUNNY
0.33032,BEAR,EAT,BED
0.33012,SPOON,OPEN,BLANKET
0.330037,FOOT,HELP,FOOT
0.329878,DUCK,SWING,BUNNY
0.329727,DUCK,EAT,COW
0.32962,DUCK,EAT,PIG
0.329478,FISH,BITE,BED
0.329456,DUCK,HELP,FOOT
0.329367,TOE,HELP,FLOWER
0.32921,PERSON,EAT,BLANKET
0.328052,FISH,HUG,TELEPHONE
0.327908,PERSON,SWING,TOE
0.327817,FISH,HELP,COW
0.327098,BUNNY,HUG,TOOTH
0.326373,DUCK,SWING,APPLE
0.325634,MOUTH,EAT,KEY
0.324686,SPOON,OPEN,TELEPHONE
0.324611,BEAR,HELP,HAT
0.324322,MOUTH,BITE,LIGHT
0.324056,HORSE,SWING,DIAPER
0.323654,BEAR,OPEN,MILK
0.323569,SPOON,SEE,CUP
0.32329,DUCK,SWING,CUP
0.323102,HORSE,SEE,DIAPER
0.323013,TOOTH,BITE,MILK
0.322604,FOOT,HUG,PIG
0.322573,COW,SWING,HAT
0.321956,FISH,BITE,HAIR
0.321626,PERSON,EAT,DIAPER
0.321531,DUCK,HUG,TELEPHONE
0.32148,BEAR,EAT,BELLY-BUTTON
0.321415,BEAR,OPEN,COOKIE
0.321059,HAND,READ,FLOWER
0.320184,DUCK,SWING,HAIR
0.319935,SPOON,OPEN,TV
0.318695,COW,HELP,FISH
0.318104,NOSE,OPEN,COOKIE
0.318085,BEAR,KISS,BLANKET
0.317929,DUCK,SEE,TELEPHONE
0.317793,COW,BITE,BED
0.317273,NOSE,OPEN,CUP
0.316999,FOOT,OPEN,KEY
0.316737,FISH,HUG,BLANKET
0.316708,FISH,SWING,SPOON
0.316602,PIG,SWING,TREE
0.316538,HORSE,BITE,TV
0.316125,FOOT,HELP,CAT
0.316027,PERSON,READ,WATER
0.315921,COW,EAT,TELEPHONE
0.315854,FISH,OPEN,CUP
0.315674,BEAR,EAT,LIGHT
0.315489,PERSON,BITE,DIAPER
0.315279,COW,EAT,NOSE
0.315222,BUNNY,HUG,DIAPER
0.314438,PERSON,OPEN,TOE
0.314329,PIG,HELP,TREE
0.314077,HORSE,EAT,PERSON
0.313444,BEAR,EAT,TV
0.312524,TOOTH,BITE,HAT
0.312187,SPOON,HELP,FOOT
0.311948,BUNNY,EAT,COW
0.311112,TOE,HELP,PERSON
0.309976,TOOTH,HELP,COW
0.309919,HORSE,EAT,DIAPER
0.309564,CAT,OPEN,PERSON
0.308651,MOUTH,HUG,CUP
0.308224,FISH,HUG,PIG
0.308207,FISH,SEE,TELEPHONE
0.307636,PIG,SWING,COOKIE
0.307011,BEAR,SWING,KEY
0.306789,FOOT,OPEN,CHEESE
0.306332,MOUTH,HUG,FLOWER
0.305835,FISH,DRINK,DUCK
0.305682,COW,EAT,TOE
0.305616,NOSE,KISS,CRACKER
0.305434,MOUTH,SWING,TOE
0.304214,DUCK,KISS,SPOON
0.304018,HORSE,HUG,DIAPER
0.30382,FISH,HELP,BEAR
0.303633,PERSON,BITE,BEAR
0.303549,PIG,EAT,TELEPHONE
0.303202,DUCK,BITE,TELEPHONE
0.303192,BUNNY,HUG,NOSE
0.303167,BEAR,HELP,TV
0.302252,HORSE,OPEN,TREE
0.302191,BEAR,HELP,APPLE
0.301839,NOSE,SEE,BELLY-BUTTON
0.301049,HAND,READ,CUP
0.300718,TOE,HUG,TV
0.300595,HORSE,EAT,FOOT
0.300061,BEAR,OPEN,TREE
0.30003,COW,HELP,TOE
0.299639,SPOON,OPEN,CUP
0.298838,PERSON,EAT,FOOT
0.298598,PIG,SWING,TELEPHONE
0.298254,MOUTH,HELP,BELLY-BUTTON
0.297472,COW,OPEN,DIAPER
0.297449,FISH,BITE,BELLY-BUTTON
0.297259,HAND,SWING,TOE
0.297222,FISH,SWING,KEY
0.29704,HORSE,HUG,MOUTH
0.296988,FOOT,SWING,CUP
0.296607,MOUTH,HELP,PIG
0.296078,FISH,BITE,CHAIR
0.295886,HORSE,SWING,MILK
0.295762,TOE,SWING,CRACKER
0.295738,FISH,HELP,COOKIE
0.294837,HORSE,SWING,CHEESE
0.29436,DUCK,KISS,KEY
0.294299,PIG,OPEN,BED
0.293765,BUNNY,HELP,KEY
0.293716,BEAR,KISS,TV
0.293172,FOOT,HUG,DOOR
0.292064,SPOON,OPEN,DUCK
0.291777,MOUTH,HUG,LIGHT
0.290276,PIG,OPEN,FISH
0.288331,FISH,EAT,HORSE
0.287948,TOOTH,HELP,BEAR
0.287758,DUCK,HELP,TV
0.287444,BEAR,HUG,MILK
0.287028,DUCK,EAT,TOOTH
0.286172,CAT,DRINK,FISH
0.283778,COW,KISS,TV
0.28372,TOE,SWING,MILK
0.283593,PERSON,OPEN,PERSON
0.282948,FOOT,OPEN,WATER
0.282689,BEAR,EAT,TOOTH
0.282401,FISH,KISS,HAIR
0.281821,COW,OPEN,HORSE
0.281526,KEY,OPEN,HORSE
0.281236,NOSE,SWING,HAT
0.281046,HORSE,OPEN,PERSON
0.280933,PIG,BITE,TV
0.278692,PIG,KISS,LIGHT
0.276951,HORSE,EAT,HORSE
0.276201,MOUTH,DRINK,FLOWER
0.275961,COW,HUG,CRACKER
0.275224,CAT,OPEN,TELEPHONE
0.27335,TOE,OPEN,PIG
0.272415,COW,SWING,CAT
0.272247,HORSE,SWING,WATER
0.271628,FOOT,SWING,DIAPER
0.271342,FISH,HELP,FOOT
0.269786,PIG,SWING,WATER
0.268606,HORSE,SWING,TOE
0.268245,BUNNY,EAT,FOOT
0.268239,HORSE,EAT,TELEPHONE
0.268099,FOOT,OPEN,DIAPER
0.267511,BUNNY,EAT,CAT
0.266754,PIG,KISS,KEY
0.266382,COW,EAT,DIAPER
0.266127,BUNNY,HELP,LIGHT
0.265191,HORSE,SWING,KEY
0.263407,COW,HUG,TV
0.261868,PIG,HUG,BEAR
0.260954,COW,HUG,HAIR
0.258209,SPOON,OPEN,DOOR
0.258027,FOOT,OPEN,TV
0.256279,FISH,OPEN,EAR
0.256172,FOOT,HUG,COW
0.254297,DUCK,HUG,CUP
0.254041,FOOT,OPEN,TELEPHONE
0.253242,BUNNY,SWING,DUCK
0.252239,BEAR,HELP,TOOTH
0.251252,CAT,EAT,BELLY-BUTTON
0.24946,NOSE,SWING,BUNNY
0.248767,FISH,DRINK,EAR
0.248418,MOUTH,SWING,TV
0.246833,BUNNY,READ,BELLY-BUTTON
0.24589,KEY,OPEN,BELLY-BUTTON
0.244199,HORSE,HELP,CHEESE
0.23944,DUCK,OPEN,CHAIR
0.238783,MOUTH,HELP,FISH
0.238634,BUNNY,HELP,TOOTH
0.238004,NOSE,SWING,SPOON
0.235054,PERSON,READ,NOSE
0.2344,BEAR,HUG,DIAPER
0.234343,HORSE,EAT,CHAIR
0.232452,TOOTH,HELP,WATER
0.227841,MOUTH,EAT,MOUTH
0.227344,TOE,SWING,SPOON
0.225773,COW,SWING,FISH
0.22451,PERSON,OPEN,CAT
0.223785,COW,SWING,TREE
0.223488,HORSE,KISS,FISH
0.222879,PIG,OPEN,COW
0.221434,PERSON,DRINK,DUCK
0.218615,FISH,EAT,HAIR
0.213318,FISH,EAT,TELEPHONE
0.211186,CAT,HELP,FLOWER
0.209559,MOUTH,SWING,DUCK
0.208169,MOUTH,HUG,PERSON
0.203845,MOUTH,HUG,FISH
0.202231,PERSON,OPEN,COW
0.202162,CAT,HUG,NOSE
0.202155,BUNNY,SWING,COOKIE
0.18611,FISH,SWING,HAIR
0.177984,PIG,DRINK,CAT
0.145563,SPOON,SWING,KEY
